"Negocio ID","Nombre del negocio","Tipo de mercado","Probabilidad de Cierre","Consumo mensual","Etapa del negocio","Propietario del negocio","Subautopista","Fecha de creación","Última actividad","Fecha de cierre","Tiempo en la etapa actual","Fecha de la siguiente actividad","Costo de adquisición","Costo de instalación total","Costo Equipos","Costo de los intereses","Costo total","Costo Total Equipos + Intereses","Inversión del cliente","Tiene renting","Costo mensual renting","Payback Limite","Payback","Actualizar payback","Negocio ID"
"47998629758","INCHCAPE COLOMBIA S.A.S.","Regulado","Medio","82845.5","Análisis comercial (Sales MR)","Andrés Toro García","KAM","2024-12-23 00:00","2026-05-26 19:00","2026-05-15 07:49","2777:52:32","(Sin valor)","9527060","33100680","22809093.1008825","7130198.65252867","42627740","25776115.63089863","30570867.87272162","No","538773.77109","12","21.6965753","(Sin valor)","47998629758"
"48025598989","CCNP","No regulado","Bajo","(Sin valor)","Carta de intención (Sales MNR)","María Paula Pico Loaiza","Awareness","2025-10-22 00:00","2026-03-04 09:14","2026-06-23 18:03","2133:34:13","(Sin valor)","(Sin valor)","(Sin valor)","(Sin valor)","(Sin valor)","(Sin valor)","(Sin valor)","(Sin valor)","Sí","(Sin valor)","(Sin valor)","(Sin valor)","(Sin valor)","48025598989"
"48042411641","Grupo Faranda MNR","No regulado","Medio","(Sin valor)","Reunión efectiva (Sales MNR)","María Paula Pico Loaiza","Partnerships","2025-08-27 00:00","2026-04-20 09:13","2026-05-31 23:22","2950:25:27","(Sin valor)","(Sin valor)","(Sin valor)","(Sin valor)","(Sin valor)","(Sin valor)","(Sin valor)","0","Sí","(Sin valor)","(Sin valor)","5","(Sin valor)","48042411641"
"48078860389","AEROCIVIL AERONÁUTICA CIVIL","Regulado","Bajo","490380","Reunión agendada (Sales MR)","Alexandra Murillo Fagua","Referido interno","2025-06-18 00:00","2026-05-15 08:22","2026-06-30 08:16","4350:14:09","(Sin valor)","56392895","100404541","266790925","(Sin valor)","156797436.5","(Sin valor)","0","No","7708923.116","(Sin valor)","6.36172979","(Sin valor)","48078860389"
"48084356235","Radio Television Nacional De Colombia RTVC SAS","Regulado","Bajo","1550750.5","Análisis comercial (Sales MR)","María Paula Pico Loaiza","Referido interno","2025-10-08 00:00","2026-05-11 17:00","2026-05-31 19:10","5033:58:01","2026-06-01 08:00","178333375","227440943.01","364808322.35732824","(Sin valor)","405774318.01","(Sin valor)","0","Sí","10541136.47451501","6","5.1814746","(Sin valor)","48084356235"
"48104364810","SUSERCOL S.A.S.","No regulado","Bajo","(Sin valor)","Reunión efectiva (Sales MNR)","Alexandra Murillo Fagua","Partnerships","2025-10-20 00:00","2026-05-31 08:00","2026-07-31 09:59","2950:25:27","2026-06-04 08:00","(Sin valor)","(Sin valor)","(Sin valor)","(Sin valor)","(Sin valor)","(Sin valor)","(Sin valor)","Sí","(Sin valor)","(Sin valor)","(Sin valor)","(Sin valor)","48104364810"
"48111783962","CORPORACION CLUB LAGOS DE CAUJARAL","No regulado","Medio","(Sin valor)","Carta de intención (Sales MNR)","Alexandra Murillo Fagua","Partnerships","2025-10-23 00:00","2026-05-05 11:00","2026-05-31 11:55","629:01:38","2026-06-03 18:00","(Sin valor)","(Sin valor)","(Sin valor)","(Sin valor)","(Sin valor)","(Sin valor)","(Sin valor)","Sí","(Sin valor)","(Sin valor)","(Sin valor)","(Sin valor)","48111783962"
"48111783963","Distracom","Regulado","Bajo","1852894.5","Reunión agendada (Sales MR)","Sebastian Mazorra Gomez","Bia Network","2025-08-03 00:00","2026-05-28 09:00","2026-06-30 19:13","4321:00:36","(Sin valor)","22374515","48653877","202656293.77124068","(Sin valor)","73716598.89","151542375.92696315","0","Sí","2688206.469","(Sin valor)","(Sin valor)","(Sin valor)","48111783963"
"48111803983","Blue Mobility SAS","Regulado","Bajo","30210","Análisis comercial (Sales MR)","Daniela Dueñas Camacho","Referrals","2025-09-15 00:00","2026-05-28 17:00","2026-06-30 17:09","5033:58:01","2026-06-02 17:00","3474150","7740000","19934356.53850147","4556512.84111438","11214150","16472079.89423776","0","Sí","344300.31","12","9.74763235","(Sin valor)","48111803983"
"48111963254","Pepsi Co Alimentos Colombia Ltda CEDI Bucaramanga","Regulado","Bajo","9774.5","Documentos para firma (Sales MR)","Daniela Dueñas Camacho","Bia Network","2025-05-22 00:00","2026-05-29 18:06","2026-06-30 17:09","5033:58:01","2026-06-01 17:00","1124010","4534619","1697265.51410279","649034.33259291","5658629","2346299.84669569","2714122.69382965","Sí","49042.48703","6","11.53054892","(Sin valor)","48111963254"
"48112010246","Frigorinus","Regulado","Bajo","161681.675","Análisis comercial (Sales MR)","Sebastian Mazorra Gomez","BDR","2025-10-22 00:00","2026-05-19 09:00","2026-06-30 09:51","1063:16:39","(Sin valor)","18593315","5142675","15560567.05312338","5950360.84111438","23735990","21510927.89423776","0","No","449622.585","9","7.84975724","(Sin valor)","48112010246"
"48116891257","CÍRCULO DE VIAJES UNIVERSAL S.A.S","Regulado","Bajo","10283","Análisis comercial (Sales MR)","Sebastian Mazorra Gomez","BDR","2025-07-03 00:00","2026-04-23 09:10","2026-05-30 13:05","1063:16:30","(Sin valor)","1182430","2134533.58","6931129.95327911","835443.7515141","3316963.58","3020181.59543174","0","Sí","63128","9","5.82549748","(Sin valor)","48116891257"
"48117128040","Zona Franca de Barranquilla","Regulado","Medio","69160.5","Documentos para firma (Sales MR)","Daniela Dueñas Camacho","Referrals","2025-09-30 00:00","2026-05-29 11:39","2026-05-30 12:44","2840:53:46","2026-06-02 17:00","7953400","9868327","25344433.19086347","7237178.35722166","17821727","26162853.9775712","0","No","546857.39705","12","(Sin valor)","(Sin valor)","48117128040"
"48268595995","VITELSA CARIBE SAS","No regulado","Bajo","111100","Análisis comercial (Sales MNR)","María Paula Pico Loaiza","BDR","2025-11-04 16:46","2026-03-06 14:42","2026-06-30 16:39","2066:14:54","(Sin valor)","12776500","5457657.43","11166027.68645094","(Sin valor)","18234157.43","(Sin valor)","0","Sí","322642.37","(Sin valor)","3.53404283","(Sin valor)","48268595995"
"48272232105","NUCLEOS E INVERSIONES FORESTALES DE COLOMBIA S A ","No regulado","Bajo","(Sin valor)","Carta de intención (Sales MNR)","María Paula Pico Loaiza","Bia Network","2025-11-04 17:07","2026-02-26 16:10","2026-06-30 18:02","2256:46:45","(Sin valor)","(Sin valor)","(Sin valor)","(Sin valor)","(Sin valor)","(Sin valor)","(Sin valor)","(Sin valor)","(Sin valor)","(Sin valor)","(Sin valor)","(Sin valor)","(Sin valor)","48272232105"
"48279037455","HOTEL PUERTA DE SOL S.A","No regulado","Bajo","(Sin valor)","Reunión agendada (Sales MNR)","María Paula Pico Loaiza","Partnerships","2025-10-21 00:00","2026-05-01 09:09","2026-05-31 23:25","2950:25:55","(Sin valor)","(Sin valor)","(Sin valor)","(Sin valor)","(Sin valor)","(Sin valor)","(Sin valor)","(Sin valor)","Sí","(Sin valor)","(Sin valor)","(Sin valor)","(Sin valor)","48279037455"
"48286878075","CASINOS Y SERVICIOS DEL CARIBE S.A - HOTEL BOLIVAR","No regulado","Bajo","(Sin valor)","Reunión agendada (Sales MNR)","María Paula Pico Loaiza","Partnerships","2025-10-21 00:00","2026-05-01 09:09","2026-05-31 23:24","2950:25:55","(Sin valor)","(Sin valor)","(Sin valor)","(Sin valor)","(Sin valor)","(Sin valor)","(Sin valor)","(Sin valor)","Sí","(Sin valor)","(Sin valor)","(Sin valor)","(Sin valor)","48286878075"
"48357692047","Drinks de Colombia S.A.S","No regulado","Bajo","1163797.5","Análisis comercial (Sales MNR)","Alexandra Murillo Fagua","Bia Network","2025-11-05 11:57","2026-04-22 08:00","2026-06-30 17:24","2950:24:36","(Sin valor)","133836770","5061431","24467847.68645094","(Sin valor)","138898201","(Sin valor)","0","Sí","706998.4589","(Sin valor)","3.27041625","(Sin valor)","48357692047"
"48755614799","✅ Urbaser Succion & Carga","Regulado","(Sin valor)","3287","Reunión agendada (Sales MR)","Silvia Milena Uribe Gutierrez","Referrals","2025-04-16 00:00","2026-05-29 09:04","2026-06-30 19:19","4855:23:14","(Sin valor)","378005","1119537","546184.46097941","208860.93787853","1497542","755045.39885793","1341557.64571541","No","15782","6","14.83543687","(Sin valor)","48755614799"
"48757613391","✅ Urbaser Descont","Regulado","(Sin valor)","5976","Reunión agendada (Sales MR)","Silvia Milena Uribe Gutierrez","Referrals","2025-04-16 00:00","2026-05-29 09:13","2026-06-30 19:19","4855:23:14","(Sin valor)","687240","5227178","2243449.97508219","857895.27047143","5914418","3101345.24555362","7215438.94785831","No","64824.48703","6","30.0471307","(Sin valor)","48757613391"
"48785928254","✅ Urbaser Tunja S.A E.S.P.","Regulado","(Sin valor)","22781.5","Reunión agendada (Sales MR)","Silvia Milena Uribe Gutierrez","Referrals","2025-04-16 00:00","2026-05-29 09:15","2026-06-30 19:19","4855:23:14","(Sin valor)","2619815","5945184","2243449.97508219","857895.27047143","8564999","3101345.24555362","2256884.34971546","No","64824.48703","6","7.43911619","(Sin valor)","48785928254"
"48786960256","✅ Urbaser Colombia Colombia","Regulado","Bajo","85684.5","Reunión agendada (Sales MR)","Silvia Milena Uribe Gutierrez","Referido interno","2025-03-17 00:00","2026-05-29 09:03","2026-06-30 19:20","4855:23:14","(Sin valor)","9853430","39505480.87","36642642.95345215","14012146.6654001","49358910.87","50654789.61885226","74644866.04432245","No","1058789.16814","6","23.65430719","(Sin valor)","48786960256"
"48788668568","✅ Urbaser Duitama S.A. E.S.P","Regulado","(Sin valor)","1989","Reunión agendada (Sales MR)","Silvia Milena Uribe Gutierrez","Referrals","2025-04-16 00:00","2026-05-29 09:06","2026-06-30 19:19","4855:23:14","(Sin valor)","228735","1459729","546184.46097941","208860.93787853","1688464","755045.39885793","1621973.21814497","No","15782","6","17.84590471","(Sin valor)","48788668568"
"48837683995","❗️✅ Urbaser Popayán S.A E.S.P.","Regulado","(Sin valor)","(Sin valor)","Reunión agendada (Sales MR)","Silvia Milena Uribe Gutierrez","Referrals","2025-04-16 00:00","2026-05-29 09:00","2026-06-30 19:18","4847:38:11","(Sin valor)","2885925","10888656","(Sin valor)","(Sin valor)","13774581","(Sin valor)","0","No","543425.3971","(Sin valor)","(Sin valor)","(Sin valor)","48837683995"
"49607995556","CAJA DE COMPENSACIÓN FAMILIAR COMPENSAR","Regulado","Bajo","95618.5","Análisis comercial (Sales MR)","Sebastian Mazorra Gomez","Referido interno","2025-11-18 10:49","2026-05-22 14:49","2026-06-30 08:28","1641:21:28","(Sin valor)","10995840","30536444","12442289.2583492","4108897.07979983","41532284","14853920.82404624","23037894.07718012","No","310477.46109","9","14.77687774","(Sin valor)","49607995556"
"49708567135","LANDERS Y CIA SAS","No regulado","Bajo","(Sin valor)","Reunión agendada (Sales MNR)","María Paula Pico Loaiza","Bia Network","2025-11-21 10:47","2026-02-09 09:02","2026-06-30 15:06","2950:25:55","(Sin valor)","(Sin valor)","(Sin valor)","(Sin valor)","(Sin valor)","(Sin valor)","(Sin valor)","(Sin valor)","(Sin valor)","(Sin valor)","(Sin valor)","(Sin valor)","(Sin valor)","49708567135"
"49710608174","Fitness people CMD SAS","Regulado","(Sin valor)","18697","Reunión agendada (Sales MR)","Andrés Toro García","Bia Network","2025-11-21 10:12","2026-05-18 09:10","2026-05-28 07:49","2779:54:05","(Sin valor)","2149925","10057902.84","43966124.33933207","(Sin valor)","12207827.84","(Sin valor)","6385049.58453602","Sí","225014.97406","6","12.57938459","(Sin valor)","49710608174"
"49718989938","DISTRIZAPATOS S.A.S.","Regulado","Bajo","196795.165","Reunión efectiva (Sales MR)","Juan Pablo Blanco Lugo","Bia Network","2025-11-20 10:25","2026-05-22 10:32","2026-05-31 07:23","4296:23:33","(Sin valor)","22628320","177106158","68801025.67364596","26309512.21760219","199734478","95110537.89124817","123163442.15439461","No","1988005.63684","18","30.91310366","(Sin valor)","49718989938"
"50443162648","ALGAMAR SA ","Regulado","Bajo","41885.44","Análisis comercial (Sales MR)","Andrés Toro García","BDR","2025-11-25 09:22","2026-05-29 08:39","2026-05-12 07:48","2572:34:53","(Sin valor)","4816775","11051205","13066648.10624675","4996686.23582876","15867980","18063334.34207552","0","Sí","377560.79703","15","10.61512862","(Sin valor)","50443162648"
"50468182560","Florius Flowers","Regulado","Medio","77165","Análisis comercial (Sales MR)","Daniela Dueñas Camacho","Performance","2025-11-26 09:50","2026-05-29 09:32","2026-06-30 17:09","3485:58:37","2026-06-02 17:00","4629900","12148580","13066648.10624675","4996686.23582876","16778480","18063334.34207552","0","Sí","377560.79703","12","6.57602911","(Sin valor)","50468182560"
"50513280053","EDIFICIO TORRE CUSEZAR - PROPIEDAD HORIZONTAL ","Regulado","Bajo","150000","Análisis comercial (Sales MR)","Andrés Toro García","Awareness","2025-11-26 10:48","2026-05-26 19:00","2026-05-29 07:48","4464:49:48","(Sin valor)","17250000","7740000","15560567.05312338","5950360.84111438","24990000","21510927.89423776","0","Sí","449622.585","9","4.37480301","(Sin valor)","50513280053"
"50700197286","CIRION TECHNOLOGIES COLOMBIA S.A.S","Regulado","Bajo","31101","Análisis comercial (Sales MR)","Andrés Toro García","Bia Network","2025-12-01 11:55","2026-05-26 19:00","2026-05-28 07:48","2140:21:55","(Sin valor)","3576270","8480699.19","42067310.26129088","2161794.08202111","12056969.19","7815021.28395916","983633.26597608","No","163350","9","9.52925992","(Sin valor)","50700197286"
"50701779230","OPERADORA CLUB CK S.A.S","No regulado","Bajo","(Sin valor)","Reunión efectiva (Sales MNR)","María Paula Pico Loaiza","Partnerships","2025-12-01 08:55","2026-02-09 09:01","2026-06-30 16:35","2950:25:27","(Sin valor)","(Sin valor)","(Sin valor)","(Sin valor)","(Sin valor)","(Sin valor)","(Sin valor)","(Sin valor)","(Sin valor)","(Sin valor)","(Sin valor)","(Sin valor)","(Sin valor)","50701779230"
"51960306702","Serviecologico","No regulado","Bajo","37240","Análisis comercial (Sales MNR)","Alexandra Murillo Fagua","Performance","2025-12-16 15:13","2026-05-27 17:30","2026-06-30 15:31","2066:16:48","2026-05-31 17:30","4282600","4041272","11915567.05312338","(Sin valor)","8323872","16472079.89423776","0","Sí","350728.31","6","5.78706364","(Sin valor)","51960306702"
"54010965143","AGRICOLA SUGAR CANE S A S ","Regulado","Bajo","24866","Análisis comercial (Sales MR)","Daniela Dueñas Camacho","KAM","2026-01-15 17:38","2026-05-22 17:00","2026-06-30 17:09","2590:38:00","2026-06-01 17:00","2859475","31849177","3687835.26561689","1410228.2055719","34708652","5098063.47118879","13634432.87005827","Sí","106560","18","29.64549871","(Sin valor)","54010965143"
"54078713125","FRUTERA EL COMPADRE","Regulado","Bajo","3252.5","Reunión efectiva (Sales MR)","Hector Steffan Camargo Rua","D2D","2026-01-19 09:36","2026-04-13 14:15","2026-03-19 18:16","3071:22:37","(Sin valor)","373980","473558.61","546184.46097941","208860.93787853","847538.61","755045.39885793","0","Sí","15782","9","3.98219455","(Sin valor)","54078713125"
"54205882705","INDUSTRIA CAFETERA DE NARIÑO SAS","Regulado","Bajo","6150.5","Análisis comercial (Sales MR)","Andrés Toro García","Performance","2026-01-19 11:35","2026-05-26 19:00","2026-06-25 07:48","3076:57:06","(Sin valor)","707250","1276189","546184.46097941","208860.93787853","1983439","755045.39885793","0","Sí","15782","9","4.59090287","(Sin valor)","54205882705"
"54267874676","Super Mofles y Servicios ","Regulado","Bajo","1308.5","Reunión agendada (Sales MR)","Hector Steffan Camargo Rua","D2D","2026-01-20 16:50","2026-04-17 09:28","2026-02-10 16:24","3144:07:15","(Sin valor)","150420","504150.44","840041.52967641","(Sin valor)","654570.44","(Sin valor)","157145.72595843","Sí","24273","6","7.89551168","(Sin valor)","54267874676"
"54355756108","Centro Comercial Metrópolis MR","Regulado","Bajo","122738.5","Documentos para firma (Sales MR)","Andrés Toro García","Performance","2026-01-22 17:27","2026-05-15 16:35","2026-06-30 16:36","2066:08:45","2026-06-02 19:00","14115100","34285000","29956587.43934937","11455399.0368072","48400100","41411986.47615656","0","Sí","865595.59406","12","10.35484601","(Sin valor)","54355756108"
"54366957487","Panaderia El Muñeco ","Regulado","Bajo","2169","Reunión efectiva (Sales MR)","Hector Steffan Camargo Rua","D2D","2026-01-23 00:07","2026-04-24 08:00","2026-04-30 09:53","2970:24:46","(Sin valor)","249320","947117.22","1092368.92195882","417721.87575705","1196437.22","1510090.79771587","0","Sí","31564","9","8.72622137","(Sin valor)","54366957487"
"54394599189","Plastimundo","No regulado","Bajo","(Sin valor)","Carta de intención (Sales MNR)","Alexandra Murillo Fagua","Performance","2026-01-23 10:01","2026-05-28 18:00","2026-06-30 14:02","2256:40:15","(Sin valor)","(Sin valor)","(Sin valor)","(Sin valor)","(Sin valor)","(Sin valor)","(Sin valor)","(Sin valor)","No","(Sin valor)","(Sin valor)","(Sin valor)","(Sin valor)","54394599189"
"54421100842","Auto Centro La 75 ","Regulado","Bajo","1289.5","Análisis comercial (Sales MR)","Hector Steffan Camargo Rua","D2D","2026-01-23 12:43","2026-04-17 09:28","2026-02-15 14:19","3071:54:08","(Sin valor)","148235","312580","840041.52967641","(Sin valor)","460815","(Sin valor)","0","Sí","24273","6","5.58878979","(Sin valor)","54421100842"
"54616154884","Tigo Colombia ","Regulado","Alto","1654966.5","Análisis comercial (Sales MR)","Yoli Marin","Bia Network","2026-01-27 15:42","2026-05-21 08:00","2026-05-31 19:10","966:50:11","(Sin valor)","190315110","678547534.71","1048578055.004326","109518826.9717198","868862644.71","395917433.06931496","0","No","8275487.72319001","18","17.11085564","(Sin valor)","54616154884"
"54639488661","Centro Comercial Metrópolis","No regulado","Medio","64800","Carta de intención (Sales MNR)","María Paula Pico Loaiza","Awareness","2026-01-27 08:28","2026-04-22 10:09","2026-06-30 17:25","1941:26:12","(Sin valor)","3888000","7740000","11915567.05312338","4556512.84111438","11628000","16472079.89423776","0","No","344300.31","18","14.42352264","(Sin valor)","54639488661"
"54729393312","RX SENO DIAGNOSTICO SAS - OP 1","Regulado","Won","4823","Reunión efectiva (Sales MR)","Andrea Pemberty","Comunidades Energéticas-Evolti","2026-01-27 13:15","2026-05-04 08:00","(Sin valor)","457:48:07","(Sin valor)","579025","702500","737567.05312338","282045.64111438","3408985.92","1019612.69423776","0","Sí","24273","6","(Sin valor)","(Sin valor)","54729393312"
"54740059258","UNIRED COLOMBIA S.A.S. ","Regulado","Bajo","4813612","Reunión efectiva (Sales MR)","Yoli Marin","Bia Network","2026-01-27 14:21","2026-05-06 08:00","2026-06-30 19:09","2503:09:40","(Sin valor)","554657995","984503985","3484904272","(Sin valor)","1539161980","(Sin valor)","0","No","49423022.93818998","8","(Sin valor)","(Sin valor)","54740059258"
"54740307053","Comidas Rapidas La Barra 84 ","Regulado","Bajo","2251.5","Reunión agendada (Sales MR)","Hector Steffan Camargo Rua","D2D","2026-01-27 18:01","2026-04-17 09:28","2026-05-30 14:36","2974:55:53","(Sin valor)","258865","504150.44","840041.52967641","(Sin valor)","763015.44","(Sin valor)","0","Sí","24273","6","5.34797621","(Sin valor)","54740307053"
"54835612983","Al Pharma ","Regulado","Bajo","9800","Análisis comercial (Sales MR)","Andrés Toro García","IA","2026-01-28 08:24","2026-05-26 19:00","2026-05-12 07:47","2837:46:08","(Sin valor)","1127000","6935000","1151081.05312338","440173.39471438","8062000","1591254.44783776","4703192.76357307","Sí","33260.48703","9","21.60231144","(Sin valor)","54835612983"
"55043843359","Hotel Vista Mar","Regulado","(Sin valor)","(Sin valor)","Reunión agendada (Sales MR)","Hector Steffan Camargo Rua","D2D","2026-01-29 18:13","2026-05-04 09:04","(Sin valor)","2926:43:42","(Sin valor)","(Sin valor)","(Sin valor)","(Sin valor)","(Sin valor)","(Sin valor)","(Sin valor)","(Sin valor)","(Sin valor)","(Sin valor)","(Sin valor)","(Sin valor)","(Sin valor)","55043843359"
"55072960815","COMERCIALIZADORA GOYJUL SAS","Regulado","Bajo","66600","Análisis comercial (Sales MR)","Daniela Dueñas Camacho","Performance","2026-01-30 11:15","2026-05-28 09:12","2026-06-30 17:09","2735:54:56","2026-06-01 17:00","7659000","7740000","11915567.05312338","4556512.84111438","15399000","16472079.89423776","0","No","344300.31","18","12.56626039","(Sin valor)","55072960815"
"55074808951","Vasconia panadería pastelería y restaurante","Regulado","Bajo","17100","Documentos para firma (Sales MR)","Andrés Toro García","Performance","2026-01-30 09:45","2026-05-26 19:00","2026-05-21 16:00","1974:49:55","(Sin valor)","1966500","4935000","3823291.22685586","1462026.56514968","6901500","5285317.79200554","0","Sí","110474","12","10.59817013","(Sin valor)","55074808951"
"55307888522","2026 Unicentro Valledupar ","Regulado","Bajo","82090","Análisis comercial (Sales MR)","Daniela Dueñas Camacho","Bia Network","2026-02-03 12:48","2026-05-19 17:00","2026-06-30 17:09","2784:00:55","2026-06-01 17:00","9440350","6723353","11122172.05312338","4253118.59311438","16163703","15375290.64623776","0","No","321375.161475","12","8.13156557","(Sin valor)","55307888522"
"55371803456","CONJUNTO RESIDENCIAL CONUNTRY MASAI ","Regulado","Bajo","14560","Análisis comercial (Sales MR)","Andrés Toro García","Performance","2026-02-03 15:34","2026-05-26 19:00","2026-06-25 07:46","2683:01:45","(Sin valor)","1674400","3315711","1151081.05312338","440173.39471438","4990111","1591254.44783776","0","Sí","33260.48703","9","6.82590009","(Sin valor)","55371803456"
"55383064425","Restaurante los amigos","Regulado","Bajo","1962","Reunión efectiva (Sales MR)","Hector Steffan Camargo Rua","D2D","2026-02-03 11:29","2026-04-13 14:06","2026-03-31 18:11","2289:41:30","(Sin valor)","225630","473558.61","546184.46097941","(Sin valor)","699188.61","(Sin valor)","0","Sí","15782","8","5.57108041","(Sin valor)","55383064425"
"55389554824","Upselling CONJUNTO PARQUE RESIDENCIAL SAN JUAN PLAZA ","Regulado","Bajo","8080","Documentos para firma (Sales MR)","Juan Pablo Blanco Lugo","Upselling Inbound","2026-02-02 11:47","2026-05-29 10:00","2026-06-05 22:22","888:19:12","(Sin valor)","929200","1459426","1151081.05312338","0","2388626","1591254.44783776","0","No","33260.48703","15","8.00637913","(Sin valor)","55389554824"
"55399143050","Jungla barbershop","Regulado","(Sin valor)","(Sin valor)","Reunión agendada (Sales MR)","Hector Steffan Camargo Rua","D2D","2026-02-03 09:34","2026-04-30 09:13","(Sin valor)","2815:23:03","(Sin valor)","(Sin valor)","(Sin valor)","(Sin valor)","(Sin valor)","(Sin valor)","(Sin valor)","(Sin valor)","(Sin valor)","(Sin valor)","(Sin valor)","(Sin valor)","(Sin valor)","55399143050"
"55405050007","Mercantil Continental SAS","Regulado","Bajo","7171","Análisis comercial (Sales MR)","Andrés Toro García","Awareness","2026-02-02 12:51","2026-05-26 08:00","2026-05-22 07:46","2783:46:44","(Sin valor)","824665","1446389","546184.46097941","208860.93787853","2271054","755045.39885793","19476.13771263","No","15782","9","9.0582997","(Sin valor)","55405050007"
"55408248683","LITOPLAS S.A.","No regulado","Bajo","(Sin valor)","Análisis comercial (Sales MNR)","María Paula Pico Loaiza","Bia Network","2026-02-02 11:32","(Sin valor)","2026-06-30 18:21","1082:20:14","(Sin valor)","(Sin valor)","(Sin valor)","(Sin valor)","(Sin valor)","(Sin valor)","(Sin valor)","(Sin valor)","No","(Sin valor)","(Sin valor)","(Sin valor)","(Sin valor)","55408248683"
"55411165220","Plasprinter Sas","Regulado","Bajo","13378","Análisis comercial (Sales MR)","Andrés Toro García","Awareness","2026-02-02 14:59","2026-05-26 19:00","2026-06-19 07:46","2784:07:42","(Sin valor)","1538470","705000","546184.46097941","208860.93787853","2243470","755045.39885793","0","No","15782","6","5.88570644","(Sin valor)","55411165220"
"55433796362","La nueva Plaza Campesina ","Regulado","(Sin valor)","2330","Reunión agendada (Sales MR)","Hector Steffan Camargo Rua","D2D","2026-02-03 09:17","2026-04-17 09:28","(Sin valor)","2815:39:45","(Sin valor)","267950","312580","840041.52967641","(Sin valor)","580530","(Sin valor)","0","Sí","24273","6","3.89504816","(Sin valor)","55433796362"
"55454974377","Wecafe","Regulado","Bajo","3024","Documentos para firma (Sales MR)","Hector Steffan Camargo Rua","D2D","2026-02-03 14:26","2026-04-17 09:28","2026-03-31 16:10","2622:14:00","(Sin valor)","347760","312580","840041.52967641","(Sin valor)","660340","(Sin valor)","0","Sí","24273","6","3.41373578","(Sin valor)","55454974377"
"55460104601","Restaurante y refresquería el sabor de la 35","Regulado","(Sin valor)","768","Reunión agendada (Sales MR)","Hector Steffan Camargo Rua","D2D","2026-02-03 10:02","2026-04-17 09:28","(Sin valor)","2814:54:32","(Sin valor)","88320","473558.61","546184.46097941","(Sin valor)","561878.61","(Sin valor)","0","Sí","15782","12","11.43734877","(Sin valor)","55460104601"
"55475356724","El Corralito Gourmet ","Regulado","(Sin valor)","(Sin valor)","Reunión agendada (Sales MR)","Hector Steffan Camargo Rua","D2D","2026-02-04 00:49","2026-04-17 09:28","(Sin valor)","2800:07:57","(Sin valor)","229310","312580","(Sin valor)","(Sin valor)","541890","(Sin valor)","0","Sí","24273","6","4.24844566","(Sin valor)","55475356724"
"55490379525","CENTRO COMERCIAL PLAZA DE LAS AMERICAS","Regulado","Medio","23028.95","Análisis comercial (Sales MR)","Andrés Toro García","BDR","2026-02-05 12:40","2026-05-26 19:00","2026-05-21 07:46","2409:17:18","(Sin valor)","2648220","1410000","1092368.92195882","417721.87575705","4058220","1510090.79771587","0","No","31564","9","6.3496641","(Sin valor)","55490379525"
"55506042649","CUSTOMER OPERATION SUCCESS SAS","No regulado","Alto","98000","Carta de intención (Sales MNR)","Alexandra Murillo Fagua","Awareness","2026-02-04 11:53","2026-05-30 18:00","2026-05-31 08:45","1993:36:52","2026-06-04 18:00","5880000","7740000","10943567.05312338","4184820.04111438","13620000","15128387.09423776","0","No","316214.37","15","8.80536961","(Sin valor)","55506042649"
"55511865617","Bello Santander restaurante","Regulado","Bajo","1280","Reunión efectiva (Sales MR)","Hector Steffan Camargo Rua","D2D","2026-02-05 14:39","2026-04-13 14:16","2026-03-26 17:56","2344:49:05","(Sin valor)","147200","473558.61","546184.46097941","(Sin valor)","620758.61","(Sin valor)","0","Sí","15782","8","7.58153017","(Sin valor)","55511865617"
"55516356975","Durman Colombia SAS","No regulado","Medio","596609","Carta de intención (Sales MNR)","María Paula Pico Loaiza","Awareness","2026-02-05 14:25","2026-05-26 04:54","2026-06-30 16:58","1946:40:07","(Sin valor)","(Sin valor)","(Sin valor)","(Sin valor)","(Sin valor)","(Sin valor)","(Sin valor)","(Sin valor)","No","(Sin valor)","(Sin valor)","(Sin valor)","(Sin valor)","55516356975"
"55519327010","Dh Colombia","Regulado","Medio","92170.5","Documentos para firma (Sales MR)","Andrés Toro García","Referrals","2026-02-04 09:28","2026-05-25 19:00","2026-05-29 16:29","2420:31:23","(Sin valor)","10599550","43439820","21006791.21578128","7383962.62832186","54039370","26693488.33000034","12250295.02316076","Sí","557948.74515","12","15.51775052","(Sin valor)","55519327010"
"55570217061","Trigo de oro panadería","Regulado","Bajo","1266.5","Análisis comercial (Sales MR)","Hector Steffan Camargo Rua","D2D","2026-02-06 08:32","2026-04-30 09:11","2026-05-30 14:11","2611:15:05","(Sin valor)","145590","473558.61","546184.46097941","(Sin valor)","619148.61","(Sin valor)","0","Sí","15782","8","7.64548925","(Sin valor)","55570217061"
"55574750637","Centro Comercial Unicentro Girardot","Regulado","Bajo","41800","Análisis comercial (Sales MR)","Daniela Dueñas Camacho","Referrals","2026-02-05 12:17","2026-05-21 17:00","2026-06-30 17:09","2668:38:56","2026-06-01 17:00","4807000","8372040","11915567.05312338","4556512.84111438","13179040","16472079.89423776","10549331.80136078","No","344300.31","12","18.62723202","(Sin valor)","55574750637"
"55579800116","Curramba de la 48","Regulado","(Sin valor)","(Sin valor)","Reunión efectiva (Sales MR)","Hector Steffan Camargo Rua","D2D","2026-02-04 18:07","2026-05-11 10:07","(Sin valor)","486:49:36","(Sin valor)","(Sin valor)","(Sin valor)","(Sin valor)","(Sin valor)","(Sin valor)","(Sin valor)","(Sin valor)","(Sin valor)","(Sin valor)","(Sin valor)","(Sin valor)","(Sin valor)","55579800116"
"55600165487","Peluqueria Utopia","Regulado","Bajo","1433.5","Reunión efectiva (Sales MR)","Hector Steffan Camargo Rua","D2D","2026-02-05 06:34","2026-05-27 10:02","2026-03-20 07:43","2289:38:22","(Sin valor)","164795","473558.61","546184.46097941","(Sin valor)","638353.61","755045.39885793","0","Sí","15782","8","6.96400723","(Sin valor)","55600165487"
"55623901225","Panaderia Granada ","Regulado","Bajo","2168","Reunión efectiva (Sales MR)","Hector Steffan Camargo Rua","D2D","2026-02-05 07:55","2026-04-13 14:15","2026-03-06 17:56","2635:55:35","(Sin valor)","249320","473558.61","840041.52967641","(Sin valor)","722878.61","(Sin valor)","0","Sí","24273","6","5.21254937","(Sin valor)","55623901225"
"55624165549","La Federacion ","Regulado","(Sin valor)","879.5","Reunión agendada (Sales MR)","Hector Steffan Camargo Rua","D2D","2026-02-05 15:47","2026-04-17 09:28","(Sin valor)","2761:10:06","(Sin valor)","101085","473558.61","840041.52967641","(Sin valor)","574643.61","(Sin valor)","237281.70511699","Sí","24273","6","10.22006815","(Sin valor)","55624165549"
"55671503384","Ambiocom","No regulado","Bajo","(Sin valor)","Reunión efectiva (Sales MNR)","María Paula Pico Loaiza","IA","2025-12-17 16:33","2026-02-18 09:14","2026-06-30 16:33","2664:02:32","(Sin valor)","(Sin valor)","(Sin valor)","(Sin valor)","(Sin valor)","(Sin valor)","(Sin valor)","(Sin valor)","(Sin valor)","(Sin valor)","(Sin valor)","(Sin valor)","(Sin valor)","55671503384"
"55674085792","3 de mayo","Regulado","Bajo","1647","Reunión efectiva (Sales MR)","Hector Steffan Camargo Rua","D2D","2026-02-06 09:41","2026-04-13 14:16","2026-03-18 17:51","2344:46:45","(Sin valor)","189405","473558.61","546184.46097941","(Sin valor)","662963.61","(Sin valor)","0","Sí","15782","8","6.29274563","(Sin valor)","55674085792"
"55688256803","Auto lavado las palmas ","Regulado","Alto","(Sin valor)","Análisis comercial (Sales MR)","Hector Steffan Camargo Rua","D2D","2026-02-09 02:06","2026-04-17 09:28","2026-04-23 11:01","2662:17:47","(Sin valor)","234600","643833.46","(Sin valor)","282045.64111438","878433.46","(Sin valor)","0","Sí","21312","9","(Sin valor)","(Sin valor)","55688256803"
"55713650203","Agrícola cunday SAS","No regulado","Bajo","(Sin valor)","Análisis comercial (Sales MNR)","Alexandra Murillo Fagua","Referrals","2026-02-06 18:18","2026-05-26 18:00","2026-06-30 15:32","2256:41:28","2026-06-03 18:00","(Sin valor)","(Sin valor)","(Sin valor)","(Sin valor)","(Sin valor)","(Sin valor)","(Sin valor)","No","(Sin valor)","(Sin valor)","(Sin valor)","(Sin valor)","55713650203"
"55727076527","L'ATELIER KAT ARNO SAS","Regulado","Bajo","5287.5","Análisis comercial (Sales MR)","Daniela Dueñas Camacho","Performance","2026-02-06 17:16","2026-05-29 17:00","2026-06-30 17:09","262:21:15","2026-06-01 17:00","608005","920740","546184.46097941","208860.93787853","1528745","755045.39885793","0","Sí","15782","12","7.59292734","(Sin valor)","55727076527"
"55766897820","Casino y restaurante la fortuna ","Regulado","(Sin valor)","1667","Reunión agendada (Sales MR)","Hector Steffan Camargo Rua","D2D","2026-02-09 01:55","2026-04-17 09:28","(Sin valor)","2679:01:37","(Sin valor)","191705","473558.61","840041.52967641","(Sin valor)","665263.61","(Sin valor)","25465.77673496","Sí","24273","6","6.2388171","(Sin valor)","55766897820"
"55803244390","Pan y canela","Regulado","(Sin valor)","1415","Reunión agendada (Sales MR)","Hector Steffan Camargo Rua","D2D","2026-02-09 09:56","2026-04-17 09:28","2026-03-24 11:01","2671:00:55","(Sin valor)","162725","473558.61","546184.46097941","208860.93787853","636283.61","755045.39885793","0","Sí","15782","8","6.87080804","(Sin valor)","55803244390"
"55806763802","El Palacio de las carnes","Regulado","Medio","4793","Reunión efectiva (Sales MR)","Hector Steffan Camargo Rua","D2D","2026-02-09 09:20","2026-04-13 14:15","2026-04-24 14:48","2344:45:37","(Sin valor)","551195","473558.61","840041.52967641","(Sin valor)","1024753.61","(Sin valor)","0","Sí","24273","6","3.34238223","(Sin valor)","55806763802"
"55818581137","PELUQUERIA SHER","Regulado","Won","2691","Documentos para firma (Sales MR)","Juan Pablo Blanco Lugo","D2D","2026-02-09 10:56","2026-05-27 10:00","(Sin valor)","54:06:32","(Sin valor)","309465","473558.61","546184.46097941","208860.93787853","783023.61","755045.39885793","0","Sí","15782","9","4.44605343","(Sin valor)","55818581137"
"55927365497","EDIFICIO MULTIFAMILIAR AMARANTHUS PROPIEDAD HORIZONTAL ","Regulado","Bajo","6490","Análisis comercial (Sales MR)","Andrés Toro García","Bia Network","2026-02-11 09:46","2026-05-26 19:00","2026-05-21 07:45","2303:12:25","(Sin valor)","746350","2495838.02","1151081.05312338","(Sin valor)","3242188.02","(Sin valor)","0","Sí","33260.48703","12","9.6798793","(Sin valor)","55927365497"
"55953305658","Panadería y reposteria","Regulado","Bajo","3064","Reunión efectiva (Sales MR)","Hector Steffan Camargo Rua","D2D","2026-02-10 14:10","2026-04-13 14:03","2026-03-19 17:50","2344:43:34","(Sin valor)","352360","473558.61","546184.46097941","(Sin valor)","825918.61","(Sin valor)","0","Sí","15782","6","4.21398103","(Sin valor)","55953305658"
"55954378243","Iverfit gimnasio - la paz","Regulado","(Sin valor)","1236.5","Reunión agendada (Sales MR)","Hector Steffan Camargo Rua","D2D","2026-02-10 12:38","2026-04-17 09:28","2026-03-07 09:11","2644:18:45","(Sin valor)","142140","473558.61","546184.46097941","208860.93787853","615698.61","755045.39885793","0","Sí","15782","8","7.61137677","(Sin valor)","55954378243"
"55964943770","Pinturas impacto","Regulado","(Sin valor)","12560","Reunión agendada (Sales MR)","Hector Steffan Camargo Rua","D2D","2026-02-10 10:39","2026-04-17 09:28","(Sin valor)","2646:17:32","(Sin valor)","1444400","643833.46","737567.05312338","1019612.69423776","2088233.46","1830936.45267347","0","No","21312","6","3.43767945","(Sin valor)","55964943770"
"55978768157","La Esquina Del Sabor De La 40 ","Regulado","(Sin valor)","1553","Reunión agendada (Sales MR)","Hector Steffan Camargo Rua","D2D","2026-02-11 14:24","(Sin valor)","(Sin valor)","2618:33:00","(Sin valor)","178595","473558.61","840041.52967641","(Sin valor)","652153.61","(Sin valor)","0","Sí","24273","8","6.56481561","(Sin valor)","55978768157"
"56004566799","Panadería la estrella del silencio","Regulado","Medio","1716.5","Reunión efectiva (Sales MR)","Hector Steffan Camargo Rua","D2D","2026-02-12 09:08","2026-04-13 14:03","2026-04-30 21:04","2321:12:29","(Sin valor)","197340","473558.61","546184.46097941","(Sin valor)","670898.61","(Sin valor)","0","Sí","15782","8","6.1120049","(Sin valor)","56004566799"
"56012750405","Panadería Jonathan","Regulado","(Sin valor)","(Sin valor)","Reunión agendada (Sales MR)","Hector Steffan Camargo Rua","D2D","2026-02-12 11:15","2026-04-17 09:28","(Sin valor)","2597:42:13","(Sin valor)","(Sin valor)","(Sin valor)","(Sin valor)","(Sin valor)","(Sin valor)","(Sin valor)","(Sin valor)","(Sin valor)","(Sin valor)","(Sin valor)","(Sin valor)","(Sin valor)","56012750405"
"56015919269","Moto extremo","Regulado","Bajo","1079","Análisis comercial (Sales MR)","Hector Steffan Camargo Rua","D2D","2026-02-11 11:05","2026-04-17 09:28","2026-03-20 00:08","2400:52:10","(Sin valor)","124085","473558.61","546184.46097941","(Sin valor)","597643.61","(Sin valor)","0","Sí","15782","12","8.6589438","(Sin valor)","56015919269"
"56024495166","GRUPO DE EMPRESARIOS DE COLOMBIA GRECOL SAS","Regulado","Bajo","13534.5","Análisis comercial (Sales MR)","Sebastian Mazorra Gomez","Awareness","2026-02-10 17:24","2026-05-28 09:04","2026-06-30 09:42","2287:47:26","(Sin valor)","1556410","5440802.47","2184737.84391763","835443.7515141","6997212.47","3020181.59543174","0","Sí","63128","9","8.79120916","(Sin valor)","56024495166"
"56027279183","La esquina del cerdo","Regulado","Bajo","3095.5","Reunión efectiva (Sales MR)","Hector Steffan Camargo Rua","D2D","2026-02-12 14:13","2026-04-13 14:15","2026-05-30 14:33","2289:40:23","(Sin valor)","355925","473558.61","546184.46097941","(Sin valor)","829483.61","(Sin valor)","0","No","15782","8","6.94859644","(Sin valor)","56027279183"
"56042288499","Casino la fortuna","Regulado","(Sin valor)","(Sin valor)","Reunión agendada (Sales MR)","Hector Steffan Camargo Rua","D2D","2026-02-11 16:10","(Sin valor)","(Sin valor)","2616:46:54","(Sin valor)","(Sin valor)","(Sin valor)","(Sin valor)","(Sin valor)","(Sin valor)","(Sin valor)","(Sin valor)","(Sin valor)","(Sin valor)","(Sin valor)","(Sin valor)","(Sin valor)","56042288499"
"56093004107","Totuma o sabanero","Regulado","(Sin valor)","813","Reunión agendada (Sales MR)","Hector Steffan Camargo Rua","D2D","2026-02-11 14:09","2026-04-17 09:28","(Sin valor)","2618:47:51","(Sin valor)","93495","473558.61","546184.46097941","208860.93787853","567053.61","755045.39885793","141389.51940119","Sí","15782","8","10.65729757","(Sin valor)","56093004107"
"56095717528","El mana restaurante","Regulado","(Sin valor)","1502.5","Reunión agendada (Sales MR)","Hector Steffan Camargo Rua","D2D","2026-02-11 15:55","2026-05-27 10:00","(Sin valor)","2617:02:13","(Sin valor)","(Sin valor)","(Sin valor)","(Sin valor)","(Sin valor)","(Sin valor)","(Sin valor)","(Sin valor)","(Sin valor)","(Sin valor)","(Sin valor)","(Sin valor)","(Sin valor)","56095717528"
"56127360909","Congrupo","Regulado","Bajo","122505.5","Análisis comercial (Sales MR)","Juan Pablo Blanco Lugo","BDR","2026-02-12 07:57","2026-05-27 11:00","2026-05-27 10:04","2303:13:12","(Sin valor)","14087845","22661269","16405411.66291746","6273429.41989964","36749114","22678841.0828171","0","No","474034.37","15","12.73877207","(Sin valor)","56127360909"
"56127387700","Upselling COMPAÑIA DE ALIMENTOS BIFF S.A.S.","Regulado","Bajo","11506.5","Análisis comercial (Sales MR)","Daniela Dueñas Camacho","Upselling Inbound","2026-02-11 10:12","2026-05-22 14:12","2026-06-30 17:09","1442:29:23","2026-06-01 17:00","1323190","1276189","546184.46097941","208860.93787853","2599379","755045.39885793","0","No","15782","9","4.23499574","(Sin valor)","56127387700"
"56127432104","Eme Recreativos Sas - CE ","Regulado","Won","2240","Reunión agendada (Sales MR)","Andrea Pemberty","Comunidades energéticas","2026-02-12 12:24","2026-05-08 08:00","(Sin valor)","602:46:39","(Sin valor)","257600","693816.98","546184.46097941","(Sin valor)","951416.98","(Sin valor)","10063.43095333","Sí","24273","6","6.0641423","(Sin valor)","56127432104"
"56154008196","Tienda las palmitas","Regulado","(Sin valor)","(Sin valor)","Reunión agendada (Sales MR)","Hector Steffan Camargo Rua","D2D","2026-02-12 07:44","(Sin valor)","(Sin valor)","2601:12:25","(Sin valor)","(Sin valor)","(Sin valor)","(Sin valor)","(Sin valor)","(Sin valor)","(Sin valor)","(Sin valor)","(Sin valor)","(Sin valor)","(Sin valor)","(Sin valor)","(Sin valor)","56154008196"
"56162801261","INSTITUTO CANCEROLOGICO DE NARINO S.A.S. OP 1 ","Regulado","(Sin valor)","15893","Reunión agendada (Sales MR)","Andrea Pemberty","Comunidades energéticas","2026-02-12 11:51","(Sin valor)","(Sin valor)","244:17:50","(Sin valor)","1752370","8082056","16904357.05312338","(Sin valor)","9834426","23368583.19023776","0","Sí","494879.39705","10","(Sin valor)","(Sin valor)","56162801261"
"56176633469","Tienda el laurel","Regulado","Bajo","816.5","Reunión efectiva (Sales MR)","Hector Steffan Camargo Rua","D2D","2026-02-12 14:27","2026-04-13 14:06","2026-03-20 07:42","2289:39:56","(Sin valor)","93840","473558.61","546184.46097941","(Sin valor)","567398.61","(Sin valor)","0","Sí","15782","12","10.87031662","(Sin valor)","56176633469"
"56233626122","Denim Lab. Co","Regulado","Bajo","16836","Análisis comercial (Sales MR)","Sebastian Mazorra Gomez","Performance","2026-02-13 14:05","2026-05-27 18:00","2026-06-18 11:05","124:46:09","(Sin valor)","1936140","1397169","546184.46097941","208860.93787853","3333309","755045.39885793","397420.39135015","No","15782","6","6.64604849","(Sin valor)","56233626122"
"56274388579","Soldexel SAS","Regulado","Medio","13178","Análisis comercial (Sales MR)","Andrés Toro García","Referrals","2026-02-13 16:23","2026-05-22 19:00","2026-05-15 07:45","1826:54:01","(Sin valor)","1515355","9150000","14100304.89704101","4974234.71687143","10665355","17982170.69195363","6149130.20873493","Sí","375864.31","9","21.25407823","(Sin valor)","56274388579"
"56385578604","Camine shop","Regulado","(Sin valor)","(Sin valor)","Reunión agendada (Sales MR)","Hector Steffan Camargo Rua","D2D","2026-02-16 10:24","2026-04-17 09:28","(Sin valor)","2502:32:29","(Sin valor)","(Sin valor)","(Sin valor)","(Sin valor)","(Sin valor)","(Sin valor)","(Sin valor)","(Sin valor)","(Sin valor)","(Sin valor)","(Sin valor)","(Sin valor)","(Sin valor)","56385578604"
"56420963212","Rostro y figura","Regulado","(Sin valor)","(Sin valor)","Reunión agendada (Sales MR)","Hector Steffan Camargo Rua","D2D","2026-02-16 11:38","2026-04-17 09:28","(Sin valor)","2501:18:44","(Sin valor)","(Sin valor)","(Sin valor)","(Sin valor)","(Sin valor)","(Sin valor)","(Sin valor)","(Sin valor)","(Sin valor)","(Sin valor)","(Sin valor)","(Sin valor)","(Sin valor)","56420963212"
"56432713555","Sugar cup","Regulado","(Sin valor)","(Sin valor)","Reunión agendada (Sales MR)","Hector Steffan Camargo Rua","D2D","2026-02-16 08:25","2026-04-17 09:28","(Sin valor)","2504:31:36","(Sin valor)","(Sin valor)","(Sin valor)","(Sin valor)","(Sin valor)","(Sin valor)","(Sin valor)","(Sin valor)","(Sin valor)","(Sin valor)","(Sin valor)","(Sin valor)","(Sin valor)","56432713555"
"56443026820","Banco AV Villas ","Regulado","Bajo","552164.5","Reunión agendada (Sales MR)","María Paula Pico Loaiza","Bia Network","2026-02-17 08:26","2026-04-28 08:51","(Sin valor)","2480:31:16","(Sin valor)","63495870","88344424.32999995","274048942.5905866","(Sin valor)","151840294.33000013","119415965.44960387","0","No","2496039.005835","12","8.48721486","(Sin valor)","56443026820"
"56460626517","Carnes los olivos","Regulado","(Sin valor)","(Sin valor)","Reunión agendada (Sales MR)","Hector Steffan Camargo Rua","D2D","2026-02-18 09:46","2026-04-17 09:28","(Sin valor)","2455:10:49","(Sin valor)","(Sin valor)","(Sin valor)","(Sin valor)","(Sin valor)","(Sin valor)","(Sin valor)","(Sin valor)","(Sin valor)","(Sin valor)","(Sin valor)","(Sin valor)","(Sin valor)","56460626517"
"56460916559","Banco de Occidente ","Regulado","Bajo","649778.5","Reunión agendada (Sales MR)","María Paula Pico Loaiza","Bia Network","2026-02-17 10:09","2026-04-28 08:50","(Sin valor)","2478:48:19","(Sin valor)","74722055","109039544.6999999","275226627.7954663","(Sin valor)","183761599.7000001","124846802.76266038","0","No","2609554.66278","12","8.39778191","(Sin valor)","56460916559"
"56460917273","COMERCIAL PESCADO ","No regulado","Bajo","(Sin valor)","Carta de intención (Sales MNR)","María Paula Pico Loaiza","Recovery","2026-02-17 10:23","2026-03-05 09:07","2026-06-30 16:57","2133:36:33","(Sin valor)","(Sin valor)","(Sin valor)","(Sin valor)","(Sin valor)","(Sin valor)","(Sin valor)","(Sin valor)","No","(Sin valor)","(Sin valor)","(Sin valor)","(Sin valor)","56460917273"
"56500175902","Rocas del mar","Regulado","(Sin valor)","(Sin valor)","Reunión agendada (Sales MR)","Hector Steffan Camargo Rua","D2D","2026-02-16 20:55","2026-04-17 09:28","(Sin valor)","2492:01:58","(Sin valor)","(Sin valor)","(Sin valor)","(Sin valor)","(Sin valor)","(Sin valor)","(Sin valor)","(Sin valor)","(Sin valor)","(Sin valor)","(Sin valor)","(Sin valor)","(Sin valor)","56500175902"
"56519906375","Neoves","Regulado","(Sin valor)","(Sin valor)","Reunión agendada (Sales MR)","Hector Steffan Camargo Rua","D2D","2026-02-16 20:54","2026-04-17 09:28","(Sin valor)","2492:02:59","(Sin valor)","(Sin valor)","(Sin valor)","(Sin valor)","(Sin valor)","(Sin valor)","(Sin valor)","(Sin valor)","(Sin valor)","(Sin valor)","(Sin valor)","(Sin valor)","(Sin valor)","56519906375"
"56542964039","Algamar S.A","No regulado","Medio","(Sin valor)","Carta de intención (Sales MNR)","Simón Hernández Medina","Referrals","2026-02-17 09:35","2026-05-29 08:39","2026-05-31 17:12","800:31:24","2026-06-01 13:00","(Sin valor)","(Sin valor)","(Sin valor)","(Sin valor)","(Sin valor)","(Sin valor)","(Sin valor)","No","(Sin valor)","(Sin valor)","(Sin valor)","(Sin valor)","56542964039"
"56594761262","Tienda merkapan","Regulado","(Sin valor)","683","Reunión agendada (Sales MR)","Hector Steffan Camargo Rua","D2D","2026-02-19 14:39","2026-04-17 09:28","2026-03-14 20:18","2426:17:45","(Sin valor)","78545","473558.61","546184.46097941","208860.93787853","552103.61","755045.39885793","153440.03197432","Sí","15782","12","16.61863206","(Sin valor)","56594761262"
"56611694884","Grupo Aval","No regulado","Bajo","1201943","Carta de intención (Sales MNR)","María Paula Pico Loaiza","KAM","2026-02-18 16:56","2026-05-04 15:29","2026-06-30 10:01","1941:09:20","(Sin valor)","138217925","197383969.0300005","549275570.386053","67568057.41056848","335601894.03000116","244262768.21226427","0","No","5105593.668615","12","8.78143028","(Sin valor)","56611694884"
"56613321082","Tienda y estadero la deportiva 38b","Regulado","(Sin valor)","3110.5","Reunión agendada (Sales MR)","Hector Steffan Camargo Rua","D2D","2026-02-19 08:34","2026-04-30 09:01","(Sin valor)","2432:22:28","(Sin valor)","357650","473558.61","546184.46097941","208860.93787853","831208.61","755045.39885793","0","Sí","15782","8","4.08378775","(Sin valor)","56613321082"
"56615959365","Abastos la estrella roja","Regulado","(Sin valor)","(Sin valor)","Reunión agendada (Sales MR)","Hector Steffan Camargo Rua","D2D","2026-02-18 16:22","2026-04-17 09:28","(Sin valor)","2448:34:45","(Sin valor)","(Sin valor)","(Sin valor)","(Sin valor)","(Sin valor)","(Sin valor)","(Sin valor)","(Sin valor)","(Sin valor)","(Sin valor)","(Sin valor)","(Sin valor)","(Sin valor)","56615959365"
"56616281894","Frutas y verduras la bendición de Dios","Regulado","(Sin valor)","1779.5","Reunión agendada (Sales MR)","Hector Steffan Camargo Rua","D2D","2026-02-18 14:56","2026-04-17 09:28","2026-03-31 14:17","2450:00:43","(Sin valor)","204585","473558.61","546184.46097941","208860.93787853","678143.61","755045.39885793","0","Sí","15782","8","5.82450797","(Sin valor)","56616281894"
"56616430681","Edificio Restrepo 2","Regulado","(Sin valor)","(Sin valor)","Reunión agendada (Sales MR)","Hector Steffan Camargo Rua","D2D","2026-02-18 14:20","2026-04-17 09:28","(Sin valor)","2450:37:01","(Sin valor)","(Sin valor)","(Sin valor)","(Sin valor)","(Sin valor)","(Sin valor)","(Sin valor)","(Sin valor)","(Sin valor)","(Sin valor)","(Sin valor)","(Sin valor)","(Sin valor)","56616430681"
"56616534434","Carnes y verduras Daniela","Regulado","(Sin valor)","(Sin valor)","Reunión agendada (Sales MR)","Hector Steffan Camargo Rua","D2D","2026-02-19 08:36","2026-04-17 09:28","(Sin valor)","2432:21:20","(Sin valor)","(Sin valor)","(Sin valor)","(Sin valor)","(Sin valor)","(Sin valor)","(Sin valor)","(Sin valor)","(Sin valor)","(Sin valor)","(Sin valor)","(Sin valor)","(Sin valor)","56616534434"
"56619364388","Mercadito la 66","Regulado","(Sin valor)","1255","Reunión agendada (Sales MR)","Hector Steffan Camargo Rua","D2D","2026-02-19 13:38","2026-04-17 09:28","2026-03-07 14:17","2427:18:52","(Sin valor)","144325","473558.61","546184.46097941","208860.93787853","617883.61","755045.39885793","0","Sí","15782","8","7.5227472","(Sin valor)","56619364388"
"56620030619","La federacion","Regulado","(Sin valor)","(Sin valor)","Reunión agendada (Sales MR)","Hector Steffan Camargo Rua","D2D","2026-02-19 15:18","2026-04-17 09:28","(Sin valor)","2425:39:00","(Sin valor)","(Sin valor)","(Sin valor)","(Sin valor)","(Sin valor)","(Sin valor)","(Sin valor)","(Sin valor)","(Sin valor)","(Sin valor)","(Sin valor)","(Sin valor)","(Sin valor)","56620030619"
"56650257184","Tienda juniorista","Regulado","(Sin valor)","(Sin valor)","Reunión agendada (Sales MR)","Hector Steffan Camargo Rua","D2D","2026-02-19 13:02","2026-04-17 09:28","(Sin valor)","2427:55:22","(Sin valor)","(Sin valor)","(Sin valor)","(Sin valor)","(Sin valor)","(Sin valor)","(Sin valor)","(Sin valor)","(Sin valor)","(Sin valor)","(Sin valor)","(Sin valor)","(Sin valor)","56650257184"
"56650955580","Tienda palmar","Regulado","(Sin valor)","(Sin valor)","Reunión agendada (Sales MR)","Hector Steffan Camargo Rua","D2D","2026-02-19 10:43","2026-04-17 09:28","(Sin valor)","2430:14:20","(Sin valor)","(Sin valor)","(Sin valor)","(Sin valor)","(Sin valor)","(Sin valor)","(Sin valor)","(Sin valor)","(Sin valor)","(Sin valor)","(Sin valor)","(Sin valor)","(Sin valor)","56650955580"
"56658553445","Tienda la mejor esquina","Regulado","(Sin valor)","(Sin valor)","Reunión agendada (Sales MR)","Hector Steffan Camargo Rua","D2D","2026-02-19 15:10","2026-04-17 09:28","(Sin valor)","2425:46:43","(Sin valor)","(Sin valor)","(Sin valor)","(Sin valor)","(Sin valor)","(Sin valor)","(Sin valor)","(Sin valor)","(Sin valor)","(Sin valor)","(Sin valor)","(Sin valor)","(Sin valor)","56658553445"
"56683720196","Buñuelos costi paisa","Regulado","(Sin valor)","(Sin valor)","Reunión agendada (Sales MR)","Hector Steffan Camargo Rua","D2D","2026-02-20 09:41","2026-04-17 09:28","(Sin valor)","2407:16:07","(Sin valor)","(Sin valor)","(Sin valor)","(Sin valor)","(Sin valor)","(Sin valor)","(Sin valor)","(Sin valor)","(Sin valor)","(Sin valor)","(Sin valor)","(Sin valor)","(Sin valor)","56683720196"
"56690043538","T&A INVERSIONES S.A.S  BARRIO CAMPESTRE  SAS","Regulado","Bajo","27809.5","Análisis comercial (Sales MR)","Silvia Milena Uribe Gutierrez","Bia Network","2026-02-20 09:17","2026-05-26 17:45","2026-06-30 15:05","1902:10:11","2026-06-12 17:45","3198035","6228761","2243449.97508219","857895.27047143","9426796","3101345.24555362","0","No","64824.48703","9","8.97247724","(Sin valor)","56690043538"
"56700129604","CUEROS VELEZ LTDA","Regulado","Bajo","207905","Reunión efectiva (Sales MR)","Silvia Milena Uribe Gutierrez","Bia Network","2026-02-20 08:31","2026-05-26 09:04","2026-06-30 08:11","2348:59:04","2026-06-08 17:45","23909075","96698944","35736838.48831978","13665767.03793347","120608019","49402605.52625326","53181843.55029321","No","1032615.94812","12","17.17764768","(Sin valor)","56700129604"
"56706730653","PRODUCTORA DE INSUMOS AGROPECUARIOS SOMEX S.A.S. ","No regulado","Bajo","55000","Carta de intención (Sales MNR)","Simón Hernández Medina","KAM","2026-02-20 14:52","2026-05-12 06:29","2026-05-31 17:20","1973:20:43","2026-06-12 13:00","(Sin valor)","(Sin valor)","(Sin valor)","(Sin valor)","(Sin valor)","(Sin valor)","(Sin valor)","No","(Sin valor)","(Sin valor)","(Sin valor)","(Sin valor)","56706730653"
"56709218901","GM UNIPLAST S.A.S.","No regulado","Bajo","(Sin valor)","Carta de intención (Sales MNR)","Alexandra Murillo Fagua","Performance","2026-01-28 14:42","2026-05-27 10:00","2026-06-30 17:23","2256:48:24","2026-06-04 18:00","(Sin valor)","(Sin valor)","(Sin valor)","(Sin valor)","(Sin valor)","(Sin valor)","(Sin valor)","No","(Sin valor)","(Sin valor)","(Sin valor)","(Sin valor)","56709218901"
"56709558530","UPSELLING INVERSIONES MERCA Z S.A.S. CE ","Regulado","(Sin valor)","15730","Reunión agendada (Sales MR)","Andrea Pemberty","Comunidades energéticas","2026-02-23 12:53","2026-05-27 10:26","2026-04-02 15:18","244:24:10","(Sin valor)","1808950","8082056","16904357.05312338","6464226.13711438","9891006","23368583.19023776","0","Sí","488451.39705","9","8.78580904","(Sin valor)","56709558530"
"56721721209","Tienda la  estrella","Regulado","(Sin valor)","(Sin valor)","Reunión agendada (Sales MR)","Hector Steffan Camargo Rua","D2D","2026-02-20 10:16","2026-04-17 09:28","(Sin valor)","2406:40:49","(Sin valor)","(Sin valor)","(Sin valor)","(Sin valor)","(Sin valor)","(Sin valor)","(Sin valor)","(Sin valor)","(Sin valor)","(Sin valor)","(Sin valor)","(Sin valor)","(Sin valor)","56721721209"
"56724552197","El tizon","Regulado","(Sin valor)","(Sin valor)","Reunión agendada (Sales MR)","Hector Steffan Camargo Rua","D2D","2026-02-20 13:51","2026-04-17 09:28","(Sin valor)","2403:05:50","(Sin valor)","(Sin valor)","(Sin valor)","(Sin valor)","(Sin valor)","(Sin valor)","(Sin valor)","(Sin valor)","(Sin valor)","(Sin valor)","(Sin valor)","(Sin valor)","(Sin valor)","56724552197"
"56732850001","Swag house","Regulado","(Sin valor)","(Sin valor)","Reunión agendada (Sales MR)","Hector Steffan Camargo Rua","D2D","2026-02-20 11:52","2026-04-17 09:28","(Sin valor)","2405:04:31","(Sin valor)","(Sin valor)","(Sin valor)","(Sin valor)","(Sin valor)","(Sin valor)","(Sin valor)","(Sin valor)","(Sin valor)","(Sin valor)","(Sin valor)","(Sin valor)","(Sin valor)","56732850001"
"56736282549","Tienda barcelona","Regulado","(Sin valor)","(Sin valor)","Reunión agendada (Sales MR)","Hector Steffan Camargo Rua","D2D","2026-02-20 11:26","2026-04-17 09:28","(Sin valor)","2405:31:08","(Sin valor)","(Sin valor)","(Sin valor)","(Sin valor)","(Sin valor)","(Sin valor)","(Sin valor)","(Sin valor)","(Sin valor)","(Sin valor)","(Sin valor)","(Sin valor)","(Sin valor)","56736282549"
"56737571665","Estadero donde argel","Regulado","(Sin valor)","1453.5","Reunión agendada (Sales MR)","Hector Steffan Camargo Rua","D2D","2026-02-20 13:47","2026-04-17 09:28","2026-04-30 20:26","2403:10:12","(Sin valor)","167095","473558.61","546184.46097941","208860.93787853","640653.61","755045.39885793","0","Sí","15782","8","6.73707189","(Sin valor)","56737571665"
"56749770924","Casa Vagabundo","Regulado","(Sin valor)","2004.5","Reunión agendada (Sales MR)","Hector Steffan Camargo Rua","D2D","2026-02-20 17:32","2026-04-30 09:01","(Sin valor)","2399:24:36","(Sin valor)","(Sin valor)","(Sin valor)","(Sin valor)","(Sin valor)","(Sin valor)","(Sin valor)","(Sin valor)","Sí","(Sin valor)","(Sin valor)","(Sin valor)","(Sin valor)","56749770924"
"56828803598","Restaurante la hondada ","Regulado","(Sin valor)","(Sin valor)","Reunión agendada (Sales MR)","Hector Steffan Camargo Rua","D2D","2026-02-22 23:53","(Sin valor)","(Sin valor)","2345:04:11","(Sin valor)","(Sin valor)","(Sin valor)","(Sin valor)","(Sin valor)","(Sin valor)","(Sin valor)","(Sin valor)","(Sin valor)","(Sin valor)","(Sin valor)","(Sin valor)","(Sin valor)","56828803598"
"56828803951","Panadería jhonatan","Regulado","(Sin valor)","1752.5","Reunión agendada (Sales MR)","Hector Steffan Camargo Rua","D2D","2026-02-04 01:04","2026-04-17 09:28","2026-03-24 14:46","2344:14:24","(Sin valor)","201480","473558.61","546184.46097941","(Sin valor)","675038.61","(Sin valor)","0","Sí","15782","8","6.0233569","Sí","56828803951"
"56828822384","PIETRA","Regulado","Bajo","34540","Reunión efectiva (Sales MR)","Alejandro Sánchez Jiménez","KAM","2026-02-23 11:48","2026-05-11 17:00","2026-04-30 08:26","1112:34:56","(Sin valor)","3972100","5739101.39","11915567.05312338","4556512.84111438","9711201.39","16472079.89423776","0","Sí","344300.31","18","6.11439461","(Sin valor)","56828822384"
"56847943222","Tienda la sabrosa","Regulado","(Sin valor)","(Sin valor)","Reunión agendada (Sales MR)","Hector Steffan Camargo Rua","D2D","2026-02-23 09:16","2026-04-17 09:28","(Sin valor)","2335:40:40","(Sin valor)","(Sin valor)","(Sin valor)","(Sin valor)","(Sin valor)","(Sin valor)","(Sin valor)","(Sin valor)","(Sin valor)","(Sin valor)","(Sin valor)","(Sin valor)","(Sin valor)","56847943222"
"56880624277","Tienda el camping","Regulado","(Sin valor)","1754","Reunión agendada (Sales MR)","Hector Steffan Camargo Rua","D2D","2026-02-23 09:48","2026-04-17 09:28","2026-03-24 10:34","2335:09:20","(Sin valor)","201710","473558.61","546184.46097941","208860.93787853","675268.61","755045.39885793","0","Sí","15782","8","5.88248043","(Sin valor)","56880624277"
"56887227316","Panadería san felipe","Regulado","(Sin valor)","2096.5","Reunión agendada (Sales MR)","Hector Steffan Camargo Rua","D2D","2026-02-23 10:36","2026-04-17 09:28","(Sin valor)","2334:21:00","(Sin valor)","(Sin valor)","(Sin valor)","(Sin valor)","(Sin valor)","(Sin valor)","(Sin valor)","(Sin valor)","Sí","(Sin valor)","(Sin valor)","(Sin valor)","(Sin valor)","56887227316"
"56887909476","Cafetería mixturii","Regulado","(Sin valor)","2720","Reunión agendada (Sales MR)","Hector Steffan Camargo Rua","D2D","2026-02-23 10:54","2026-04-17 09:28","2026-05-14 19:02","2334:02:30","(Sin valor)","312800","473558.61","546184.46097941","208860.93787853","786358.61","755045.39885793","0","Sí","15782","6","4.41738509","(Sin valor)","56887909476"
"56896805409","Kitt Shop","Regulado","Medio","17194.5","Documentos para firma (Sales MR)","Alejandro Sánchez Jiménez","KAM","2026-02-23 16:06","2026-05-11 17:00","2026-04-24 08:18","1924:23:13","(Sin valor)","1976965","5416451.66","9831320.29762935","2924053.13029936","7393416.66","10570635.58401107","5554077.09301729","No","220948","12","19.02608824","(Sin valor)","56896805409"
"56896862330","ODATA COLOMBIA SAS ","No regulado","Bajo","(Sin valor)","Carta de intención (Sales MNR)","María Paula Pico Loaiza","Referido interno","2026-02-25 09:24","2026-05-29 17:00","2026-07-31 16:54","2256:48:28","2026-06-01 17:00","(Sin valor)","(Sin valor)","(Sin valor)","(Sin valor)","(Sin valor)","(Sin valor)","(Sin valor)","No","(Sin valor)","(Sin valor)","(Sin valor)","(Sin valor)","56896862330"
"56918056348","Restaurante La Sazón","Regulado","Bajo","(Sin valor)","Reunión agendada (Sales MR)","Hector Steffan Camargo Rua","D2D","2026-02-24 16:18","2026-04-30 09:10","2026-04-30 19:36","2304:38:44","(Sin valor)","(Sin valor)","(Sin valor)","(Sin valor)","(Sin valor)","(Sin valor)","(Sin valor)","(Sin valor)","(Sin valor)","(Sin valor)","(Sin valor)","(Sin valor)","(Sin valor)","56918056348"
"56934400303","Granero la bendición de Dios","Regulado","(Sin valor)","(Sin valor)","Reunión agendada (Sales MR)","Hector Steffan Camargo Rua","D2D","2026-02-24 13:50","2026-04-17 09:28","(Sin valor)","2307:07:17","(Sin valor)","(Sin valor)","(Sin valor)","(Sin valor)","(Sin valor)","(Sin valor)","(Sin valor)","(Sin valor)","(Sin valor)","(Sin valor)","(Sin valor)","(Sin valor)","(Sin valor)","56934400303"
"56935781453","Niku Medellin","Regulado","Medio","9420","Análisis comercial (Sales MR)","Alejandro Sánchez Jiménez","KAM","2026-02-24 09:16","2026-05-11 17:00","2026-04-30 10:10","1901:43:04","(Sin valor)","1083300","1861524.77","1151081.05312338","0","2944824.77","1591254.44783776","0","No","33260.48703","12","8.76869099","(Sin valor)","56935781453"
"56940862124","IMEVALLE S.A.S.","Regulado","(Sin valor)","(Sin valor)","Reunión efectiva (Sales MNR)","Miguel Charry Sierra","IA","2026-02-24 13:31","2026-04-08 09:07","(Sin valor)","1994:15:55","(Sin valor)","(Sin valor)","(Sin valor)","(Sin valor)","(Sin valor)","(Sin valor)","(Sin valor)","(Sin valor)","(Sin valor)","(Sin valor)","(Sin valor)","(Sin valor)","(Sin valor)","56940862124"
"56944592034","Autoservicio grano de oro","Regulado","Bajo","2442.5","Documentos para firma (Sales MR)","Hector Steffan Camargo Rua","D2D","2026-02-23 15:59","2026-04-30 09:11","2026-05-21 21:01","2111:46:51","(Sin valor)","280830","473558.61","546184.46097941","208860.93787853","754388.61","755045.39885793","0","Sí","15782","8","4.72022805","(Sin valor)","56944592034"
"56951318055","Tienda el canal","Regulado","(Sin valor)","(Sin valor)","Reunión agendada (Sales MR)","Hector Steffan Camargo Rua","D2D","2026-02-24 14:25","2026-05-27 10:00","(Sin valor)","2306:31:52","(Sin valor)","(Sin valor)","(Sin valor)","(Sin valor)","(Sin valor)","(Sin valor)","(Sin valor)","(Sin valor)","(Sin valor)","(Sin valor)","(Sin valor)","(Sin valor)","(Sin valor)","56951318055"
"56986411640","karen sas","Regulado","(Sin valor)","(Sin valor)","Reunión agendada (Sales MR)","Hector Steffan Camargo Rua","D2D","2026-02-24 16:18","(Sin valor)","(Sin valor)","2304:38:32","(Sin valor)","(Sin valor)","(Sin valor)","(Sin valor)","(Sin valor)","(Sin valor)","(Sin valor)","(Sin valor)","(Sin valor)","(Sin valor)","(Sin valor)","(Sin valor)","(Sin valor)","56986411640"
"56987561047","Centro Comercial Zafiro CE","Regulado","Bajo","8055","Reunión efectiva (Sales MR)","Yoli Marin","Comunidades Energéticas-Evolti","2026-02-24 09:56","(Sin valor)","2026-02-28 10:22","263:18:43","(Sin valor)","926325","693816.98","0","0","1620141.98","0","0","No","15782","8","3.84920147","(Sin valor)","56987561047"
"56990960415","Upselling - Frisby","Regulado","Bajo","50953.5","Reunión efectiva (Sales MR)","Juan Pablo Blanco Lugo","IA","2026-02-24 15:50","2026-05-26 09:45","2026-05-30 13:48","1442:29:23","(Sin valor)","5859480","18359420","6612925.66291746","2528782.77349964","24218900","9141708.4364171","715351.7655654","Sí","191080.48703","9","9.26436614","(Sin valor)","56990960415"
"56995721370","Estadero la ina","Regulado","Alto","(Sin valor)","Reunión agendada (Sales MR)","Hector Steffan Camargo Rua","Bia Network","2026-02-25 10:40","2026-05-13 15:11","2026-05-06 14:13","2286:16:53","(Sin valor)","1001650","1119537","(Sin valor)","0","2121187","(Sin valor)","0","Sí","15782","8","(Sin valor)","(Sin valor)","56995721370"
"56995945581","Tienda zapatoca","Regulado","(Sin valor)","2140.5","Reunión agendada (Sales MR)","Hector Steffan Camargo Rua","D2D","2026-02-24 16:52","2026-04-17 09:28","2026-04-09 18:35","2304:04:53","(Sin valor)","246100","473558.61","546184.46097941","208860.93787853","719658.61","755045.39885793","0","Sí","15782","6","5.13838062","(Sin valor)","56995945581"
"57019091790","Ron gobernador","Regulado","Alto","814.5","Documentos para firma (Sales MR)","Alejandro Sánchez Jiménez","KAM","2026-02-25 14:24","2026-04-29 17:00","2026-04-30 16:23","1924:23:21","(Sin valor)","93610","316615.61","546184.46097941","0","410225.61","755045.39885793","0","No","15782","12","10.36081106","(Sin valor)","57019091790"
"57019396444","Consorcio Express ","Regulado","Medio","115629.5","Documentos para firma (Sales MR)","María Paula Pico Loaiza","KAM","2026-02-25 14:18","2026-05-29 17:00","2026-05-29 08:10","1969:05:32","2026-06-01 17:00","13297335","3114107.04","27830561.7265963","9762060.01482167","16411442.04","35290459.6351712","0","No","737643.10703","9","8.8320669","(Sin valor)","57019396444"
"57033770542","LACTEOS EL OTUN COMERCIALIZADORA S.A.S","Regulado","Bajo","13429","Análisis comercial (Sales MR)","Andrés Toro García","Performance","2026-02-25 15:37","2026-05-26 19:00","2026-05-29 07:45","2158:46:55","(Sin valor)","1544335","5142675","16904357.05312338","6464226.13711438","6687010","23368583.19023776","0","Sí","488451.39705","12","8.49686841","(Sin valor)","57033770542"
"57039376134","Mercadito santander","Regulado","(Sin valor)","(Sin valor)","Reunión agendada (Sales MR)","Hector Steffan Camargo Rua","D2D","2026-02-25 15:41","2026-05-22 10:30","(Sin valor)","2281:15:38","(Sin valor)","(Sin valor)","(Sin valor)","(Sin valor)","(Sin valor)","(Sin valor)","(Sin valor)","(Sin valor)","(Sin valor)","(Sin valor)","(Sin valor)","(Sin valor)","(Sin valor)","57039376134"
"57053880458","PROHIDRIK S A S E S P","No regulado","Bajo","(Sin valor)","Análisis comercial (Sales MNR)","Alexandra Murillo Fagua","KAM","2026-02-25 12:40","2026-05-22 08:00","2026-06-30 15:30","967:28:42","2026-06-04 08:00","(Sin valor)","(Sin valor)","(Sin valor)","(Sin valor)","(Sin valor)","(Sin valor)","(Sin valor)","No","(Sin valor)","(Sin valor)","(Sin valor)","(Sin valor)","57053880458"
"57100014457","Edificio Guayava ","Regulado","Bajo","3400","Análisis comercial (Sales MR)","Daniela Dueñas Camacho","Bia Network","2026-02-26 16:31","2026-05-20 17:00","2026-06-30 17:09","2167:31:57","2026-06-01 17:00","391000","1271444","737567.05312338","282045.64111438","1662444","1019612.69423776","0","Sí","21312","9","7.73149887","(Sin valor)","57100014457"
"57105765254","Restaurante el fogón marino","Regulado","(Sin valor)","1134.5","Reunión agendada (Sales MR)","Hector Steffan Camargo Rua","D2D","2026-02-26 12:36","2026-04-17 09:28","(Sin valor)","2260:20:39","(Sin valor)","130410","473558.61","546184.46097941","208860.93787853","603968.61","755045.39885793","10237.88584372","Sí","15782","8","8.13794652","(Sin valor)","57105765254"
"57106401334","Tienda la surodeña","Regulado","(Sin valor)","(Sin valor)","Reunión agendada (Sales MR)","Hector Steffan Camargo Rua","D2D","2026-02-26 15:12","2026-05-27 10:00","(Sin valor)","2257:45:19","(Sin valor)","(Sin valor)","(Sin valor)","(Sin valor)","(Sin valor)","(Sin valor)","(Sin valor)","(Sin valor)","(Sin valor)","(Sin valor)","(Sin valor)","(Sin valor)","(Sin valor)","57106401334"
"57115593284","Tienda gloricar","Regulado","(Sin valor)","1499","Reunión agendada (Sales MR)","Hector Steffan Camargo Rua","D2D","2026-02-26 16:17","2026-04-17 09:28","2026-03-07 21:09","2256:39:30","(Sin valor)","172385","473558.61","546184.46097941","208860.93787853","645943.61","755045.39885793","0","Sí","15782","8","6.58425272","(Sin valor)","57115593284"
"57119054949","Challenger","No regulado","Bajo","683059","Análisis comercial (Sales MNR)","Alexandra Murillo Fagua","IA","2026-02-26 12:29","2026-05-28 18:00","2026-06-30 15:30","1279:44:26","(Sin valor)","40983540","15480000","28095784.10624675","10743827.84222876","56463540","38839611.94847551","0","No","811827.68175","15","4.21968973","(Sin valor)","57119054949"
"57120009747","Edificio Regency","Regulado","Bajo","2370","Análisis comercial (Sales MR)","Daniela Dueñas Camacho","Bia Network","2026-02-26 16:27","2026-05-20 17:00","2026-06-30 17:09","2167:31:08","2026-06-01 17:00","272550","1271444","737567.05312338","282045.64111438","1543994","1019612.69423776","195045.82082027","Sí","21312","9","10.30131936","(Sin valor)","57120009747"
"57140093280","El totumazo quillero","Regulado","(Sin valor)","(Sin valor)","Reunión agendada (Sales MR)","Hector Steffan Camargo Rua","D2D","2026-02-27 11:16","2026-04-17 09:28","(Sin valor)","2237:41:02","(Sin valor)","(Sin valor)","(Sin valor)","(Sin valor)","(Sin valor)","(Sin valor)","(Sin valor)","(Sin valor)","(Sin valor)","(Sin valor)","(Sin valor)","(Sin valor)","(Sin valor)","57140093280"
"57141060496","Promotora Hotelera Santos de Piedra","Regulado","Alto","48828.5","Documentos para firma (Sales MR)","Alejandro Sánchez Jiménez","Referrals","2026-02-27 09:33","2026-04-29 17:00","2026-04-30 13:20","1924:23:45","(Sin valor)","5615220","7254237.88","15856282.54230836","0","12869457.88","21919724.98648707","0","Sí","458167.28406","12","5.73184124","(Sin valor)","57141060496"
"57141066657","Sol Ars ","No regulado","Bajo","116000","Análisis comercial (Sales MNR)","Alexandra Murillo Fagua","KAM","2026-02-25 11:15","2026-05-28 08:00","2026-06-30 15:30","124:51:58","2026-06-01 08:00","(Sin valor)","(Sin valor)","(Sin valor)","(Sin valor)","(Sin valor)","(Sin valor)","(Sin valor)","No","(Sin valor)","(Sin valor)","(Sin valor)","(Sin valor)","57141066657"
"57154730898","Centro Comercial Buenavista","No regulado","Bajo","(Sin valor)","Carta de intención (Sales MNR)","Alexandra Murillo Fagua","Awareness","2026-02-27 17:25","2026-05-28 18:00","2026-06-30 15:32","1345:27:20","(Sin valor)","(Sin valor)","(Sin valor)","(Sin valor)","(Sin valor)","(Sin valor)","(Sin valor)","(Sin valor)","No","(Sin valor)","(Sin valor)","(Sin valor)","(Sin valor)","57154730898"
"57164533567","Funeraria la hispana","Regulado","(Sin valor)","1122","Reunión agendada (Sales MR)","Hector Steffan Camargo Rua","D2D","2026-02-27 13:59","2026-05-27 10:00","2026-03-24 09:54","2234:57:46","(Sin valor)","129030","473558.61","546184.46097941","208860.93787853","602588.61","755045.39885793","15140.75064961","Sí","0","8","8.20619022","(Sin valor)","57164533567"
"57178109516","PARQUE ARAUCO CENTRO COMERCIAL SOPÓ","Regulado","Bajo","68937","Análisis comercial (Sales MR)","Andrés Toro García","KAM","2026-02-27 09:54","2026-05-26 19:00","2026-06-02 07:45","2140:30:56","(Sin valor)","7926030","87771814","42114915.62657899","16104743.73560378","95697844","58219659.3621828","122421488.07660232","No","1216910.48703","12","58.64265761","(Sin valor)","57178109516"
"57178126911","BINGOS UNIDOS NACIONALES SAS ","Regulado","Bajo","26429","Análisis comercial (Sales MR)","Sebastian Mazorra Gomez","Performance","2026-02-27 17:09","2026-05-25 09:14","2026-06-30 07:50","2158:56:55","2026-06-01 08:00","3039105","10387142.88","4369475.68783527","1670887.50302821","13426247.88","6040363.19086347","151291.91405834","Sí","126256","9","9.10257113","(Sin valor)","57178126911"
"57200668709","ALTERNATIVAS ALIMENTICIAS DEL PACIFICO S.A.S.","No regulado","Bajo","(Sin valor)","Análisis comercial (Sales MNR)","Alexandra Murillo Fagua","IA","2026-01-21 10:50","2026-05-28 18:00","2026-06-30 16:38","2118:11:24","(Sin valor)","(Sin valor)","(Sin valor)","(Sin valor)","(Sin valor)","(Sin valor)","(Sin valor)","(Sin valor)","No","(Sin valor)","(Sin valor)","(Sin valor)","(Sin valor)","57200668709"
"57307675419","Beauty club ","Regulado","Bajo","1472.5","Reunión efectiva (Sales MR)","Hector Steffan Camargo Rua","D2D","2026-03-02 07:56","2026-04-13 14:16","2026-03-31 23:34","2129:14:10","(Sin valor)","169280","473558.61","546184.46097941","755045.39885793","642838.61","1355848.30593528","0","Sí","15782","8","6.85070837","(Sin valor)","57307675419"
"57397078596","DESARROLLADORA CC FONTANAR SAS ","No regulado","Bajo","300000","Análisis comercial (Sales MNR)","Simón Hernández Medina","KAM","2026-03-02 16:25","2026-05-29 16:00","2026-06-30 14:38","1082:35:34","(Sin valor)","(Sin valor)","(Sin valor)","(Sin valor)","(Sin valor)","(Sin valor)","(Sin valor)","(Sin valor)","No","(Sin valor)","(Sin valor)","(Sin valor)","(Sin valor)","57397078596"
"57397260201","SAINT GOBAIN ","No regulado","Bajo","800000","Análisis comercial (Sales MNR)","Simón Hernández Medina","KAM","2026-03-02 17:08","2026-05-29 16:15","2026-06-30 14:38","1082:36:10","(Sin valor)","(Sin valor)","(Sin valor)","(Sin valor)","(Sin valor)","(Sin valor)","(Sin valor)","(Sin valor)","No","(Sin valor)","(Sin valor)","(Sin valor)","(Sin valor)","57397260201"
"57397579024","MONTAGAS S A CE","Regulado","(Sin valor)","11567","Reunión efectiva (Sales MR)","Andrea Pemberty","Comunidades Energéticas-Evolti","2026-03-03 08:22","2026-05-21 09:01","(Sin valor)","263:13:06","(Sin valor)","1245910","1185533.35","546184.46097941","208860.93787853","2431443.35","755045.39885793","0","No","15782","6","(Sin valor)","(Sin valor)","57397579024"
"57400482185","PAPAS Burguer TUNJA","Regulado","Bajo","6641","Análisis comercial (Sales MR)","Sebastian Mazorra Gomez","Performance","2026-03-03 08:21","2026-05-30 10:15","2026-05-30 11:45","1061:10:13","(Sin valor)","763600","3841298","1092368.92195882","417721.87575705","4604898","1510090.79771587","491021.49929555","Sí","31564","9","10.07421637","(Sin valor)","57400482185"
"57447168130","Restaurante la delic ","Regulado","(Sin valor)","1170","Reunión agendada (Sales MR)","Hector Steffan Camargo Rua","D2D","2026-03-03 09:08","(Sin valor)","(Sin valor)","2143:48:27","(Sin valor)","134550","473558.61","546184.46097941","208860.93787853","608108.61","755045.39885793","0","Sí","15782","8","7.94161463","(Sin valor)","57447168130"
"57447737389","UPSELLING - ORGANIZACION CARDENAS S.A.S","Regulado","Alto","22985","Análisis comercial (Sales MR)","Cristian Camilo Restrepo Pino","Upselling Inbound","2026-03-03 18:52","2026-05-28 14:47","2026-04-30 09:43","1442:29:22","(Sin valor)","2643275","566578.19","1151081.05312338","440173.39471438","3209853.19","1591254.44783776","0","No","33260.48703","8","(Sin valor)","(Sin valor)","57447737389"
"57452174518","La terraza cervecera ","Regulado","(Sin valor)","1077","Reunión agendada (Sales MR)","Hector Steffan Camargo Rua","D2D","2026-03-03 23:38","(Sin valor)","(Sin valor)","2129:19:23","(Sin valor)","123855","473558.61","546184.46097941","208860.93787853","597413.61","755045.39885793","33526.49367168","Sí","15782","8","8.4756483","(Sin valor)","57452174518"
"57452191535","World Trade Center Cali P H ","No regulado","Medio","56000","Carta de intención (Sales MNR)","Simón Hernández Medina","KAM","2026-03-04 11:30","2026-05-29 13:00","2026-05-31 17:20","1271:53:10","(Sin valor)","3360000","1347139","546184.46097941","208860.93787853","4707139","755045.39885793","0","No","15782","15","2.92778049","(Sin valor)","57452191535"
"57452414092","LA UNICA CARTAGENA","Regulado","Medio","10920","Documentos para firma (Sales MR)","Alejandro Sánchez Jiménez","KAM","2026-03-03 16:09","2026-04-29 17:00","2026-04-30 12:48","1924:23:53","(Sin valor)","1255800","282644.83","1151081.05312338","440173.39471438","1538444.83","1591254.44783776","0","No","33260.48703","12","5.06347278","(Sin valor)","57452414092"
"57500346185","Intecom SAS","Regulado","Medio","3184.5","Análisis comercial (Sales MR)","Andrés Toro García","Awareness","2026-03-03 15:05","2026-05-26 19:00","2026-05-29 07:45","1902:09:57","(Sin valor)","366160","1300448.73","546184.46097941","208860.93787853","1666608.73","755045.39885793","0","Sí","15782","12","9.83229787","(Sin valor)","57500346185"
"57553845347","REYES DE LA CRUZ MARBEL LUZ ","Regulado","(Sin valor)","(Sin valor)","Reunión agendada (Sales MR)","Hector Steffan Camargo Rua","(Sin valor)","2026-03-04 16:29","2026-05-28 09:13","2026-03-07 16:44","2112:27:42","(Sin valor)","298310","473558.61","(Sin valor)","208860.93787853","771868.61","(Sin valor)","0","Sí","15782","8","4.54660187","(Sin valor)","57553845347"
"57574130264","FABRICA DE BOLSAS DE PAPEL UNIBOL S.A.S.","No regulado","Bajo","(Sin valor)","Carta de intención (Sales MNR)","María Paula Pico Loaiza","Partnerships","2026-03-04 17:48","2026-05-29 17:00","2026-06-30 18:21","654:51:59","2026-06-01 17:00","(Sin valor)","(Sin valor)","(Sin valor)","(Sin valor)","(Sin valor)","(Sin valor)","(Sin valor)","(Sin valor)","(Sin valor)","(Sin valor)","(Sin valor)","(Sin valor)","57574130264"
"57574524587","ALIANZAS INDUSTRIAS ALTA PUREZA","Regulado","Bajo","371494.5","Análisis comercial (Sales MR)","Andrés Toro García","Awareness","2026-03-05 12:43","2026-05-26 19:00","2026-05-22 07:45","1928:15:14","(Sin valor)","42721810","30217840","29910966.67347292","11437953.65593604","72939650","41348920.32940897","0","No","864277.38203","9","8.07857016","(Sin valor)","57574524587"
"57576919177","Estadero donde argel","Regulado","(Sin valor)","(Sin valor)","Reunión agendada (Sales MR)","Hector Steffan Camargo Rua","D2D","2026-03-04 18:51","2026-04-17 09:28","(Sin valor)","2110:06:11","(Sin valor)","(Sin valor)","(Sin valor)","(Sin valor)","(Sin valor)","(Sin valor)","(Sin valor)","(Sin valor)","(Sin valor)","(Sin valor)","(Sin valor)","(Sin valor)","(Sin valor)","57576919177"
"57577847882","Estadero donde argel","Regulado","(Sin valor)","(Sin valor)","Reunión agendada (Sales MR)","Hector Steffan Camargo Rua","D2D","2026-03-04 19:01","2026-04-17 09:28","(Sin valor)","2109:55:46","(Sin valor)","(Sin valor)","(Sin valor)","(Sin valor)","(Sin valor)","(Sin valor)","(Sin valor)","(Sin valor)","(Sin valor)","(Sin valor)","(Sin valor)","(Sin valor)","(Sin valor)","57577847882"
"57580264358","Tienda donde pepe","Regulado","(Sin valor)","1037","Reunión agendada (Sales MR)","Hector Steffan Camargo Rua","D2D","2026-03-04 20:06","2026-04-17 09:28","2026-03-07 20:40","2108:51:19","(Sin valor)","119255","473558.61","546184.46097941","208860.93787853","592813.61","755045.39885793","49869.37635797","Sí","15782","8","8.73479924","(Sin valor)","57580264358"
"57585037327","BL3 S.A.S.","Regulado","Bajo","6042.5","Documentos para firma (Sales MR)","Andrés Toro García","Performance","2026-03-04 16:27","2026-05-27 19:00","2026-05-30 08:59","1781:17:11","(Sin valor)","694830","705000","546184.46097941","208860.93787853","1399830","755045.39885793","0","Sí","15782","12","6.08384416","(Sin valor)","57585037327"
"57592154896","CONDOMINIO PUEBLITO ACUARELA MERCADO CAMPESINO","Regulado","Bajo","21330","Reunión agendada (Sales MR)","Juan Pablo Blanco Lugo","IA","2026-03-05 11:08","2026-05-22 10:30","2026-06-30 07:20","2093:49:10","2026-06-05 09:00","2452950","3848614","1151081.05312338","440173.39471438","6301564","1591254.44783776","0","No","33260.48703","9","7.36974318","(Sin valor)","57592154896"
"57601633067","UNIVERSIDAD SERGIO ARBOLEDA ","No regulado","(Sin valor)","(Sin valor)","Reunión efectiva (Sales MNR)","Alejandro Sánchez Jiménez","KAM","2026-03-05 12:29","2026-03-05 16:38","(Sin valor)","2066:29:59","(Sin valor)","(Sin valor)","(Sin valor)","(Sin valor)","(Sin valor)","(Sin valor)","(Sin valor)","(Sin valor)","(Sin valor)","(Sin valor)","(Sin valor)","(Sin valor)","(Sin valor)","57601633067"
"57601638232","Sifrinas","Regulado","(Sin valor)","1065","Reunión agendada (Sales MR)","Hector Steffan Camargo Rua","D2D","2026-02-10 15:36","2026-04-30 09:05","2026-03-17 14:22","2090:29:29","(Sin valor)","122475","473558.61","546184.46097941","208860.93787853","596033.61","755045.39885793","0","Sí","15782","9","8.55134958","(Sin valor)","57601638232"
"57601810483","Upselling - INDUSTRIA NACIONAL DE GASEOSAS S.A.","Regulado","Alto","12399","Reunión efectiva (Sales MR)","Susan Vargas Chamorro","Upselling Inbound","2026-03-05 17:44","2026-05-22 14:51","2026-05-29 08:03","1442:29:23","(Sin valor)","1425885","5185049.25","22058387.05312338","8435127.20911438","6610934.25","30493514.26223776","22517353.56329936","No","637377.0939","12","49.2627817","(Sin valor)","57601810483"
"57601825305","El Rancho Currambero ","Regulado","(Sin valor)","(Sin valor)","Reunión agendada (Sales MR)","Hector Steffan Camargo Rua","D2D","2026-03-06 09:24","2026-04-17 09:28","(Sin valor)","2071:33:08","(Sin valor)","(Sin valor)","(Sin valor)","(Sin valor)","(Sin valor)","(Sin valor)","(Sin valor)","(Sin valor)","(Sin valor)","(Sin valor)","(Sin valor)","(Sin valor)","(Sin valor)","57601825305"
"57625452074","GRUPO MIS SOCIEDAD POR ACCIONES SIMPLIFICADA","Regulado","(Sin valor)","(Sin valor)","Reunión efectiva (Sales MR)","Silvia Cuevas","KAM","2026-03-05 14:54","(Sin valor)","(Sin valor)","1968:40:14","(Sin valor)","(Sin valor)","(Sin valor)","(Sin valor)","(Sin valor)","(Sin valor)","(Sin valor)","(Sin valor)","(Sin valor)","(Sin valor)","(Sin valor)","(Sin valor)","(Sin valor)","57625452074"
"57660392377","Restaurante Tipico Gourmet ","Regulado","Bajo","1994.5","Análisis comercial (Sales MR)","Juan Pablo Blanco Lugo","(Sin valor)","2026-03-06 10:29","2026-05-27 10:00","2026-06-18 07:20","578:10:09","(Sin valor)","229310","1119537","546184.46097941","208860.93787853","1348847","755045.39885793","213909.16485891","Sí","15782","9","10.69628893","(Sin valor)","57660392377"
"57668870951","pruebasnti","Regulado","(Sin valor)","(Sin valor)","Reunión agendada (Sales MR)","Santiago Jose Salazar Astaiza","Performance","2026-03-06 11:28","(Sin valor)","(Sin valor)","2069:29:19","(Sin valor)","(Sin valor)","(Sin valor)","(Sin valor)","(Sin valor)","(Sin valor)","(Sin valor)","(Sin valor)","(Sin valor)","(Sin valor)","(Sin valor)","(Sin valor)","(Sin valor)","57668870951"
"57668939851","Upselling - GASTRONOMÍA ITALIANA EN COLOMBIA S.A.S.","Regulado","Alto","108253.5","Documentos para firma (Sales MR)","Silvia Milena Uribe Gutierrez","KAM","2026-03-06 14:31","2026-05-29 17:45","2026-05-31 09:16","984:24:48","2026-06-05 17:45","14126255","32819781","44358365.60166119","8585749.97197689","46946036","28691725.15660149","40151890.16110221","No","648758.48703","9","17.65828966","(Sin valor)","57668939851"
"57737596426","GRUPO EMPRESARIAL JASBE S A S","No regulado","Bajo","(Sin valor)","Carta de intención (Sales MNR)","María Paula Pico Loaiza","Referido interno","2026-03-06 17:35","2026-05-30 17:00","2026-06-30 16:49","1946:40:06","2026-05-31 17:00","(Sin valor)","(Sin valor)","(Sin valor)","(Sin valor)","(Sin valor)","(Sin valor)","(Sin valor)","No","(Sin valor)","(Sin valor)","(Sin valor)","(Sin valor)","57737596426"
"57818996490","La Coqueta","Regulado","Bajo","(Sin valor)","Reunión agendada (Sales MR)","Hector Steffan Camargo Rua","D2D","2026-03-09 08:56","2026-04-21 08:00","2026-05-31 19:34","2000:00:32","(Sin valor)","(Sin valor)","(Sin valor)","(Sin valor)","(Sin valor)","(Sin valor)","(Sin valor)","(Sin valor)","(Sin valor)","(Sin valor)","(Sin valor)","(Sin valor)","(Sin valor)","57818996490"
"57830311468","sunshine nuevas","Regulado","Bajo","165761","Reunión agendada (Sales MR)","María Paula Pico Loaiza","KAM","2026-03-09 16:39","2026-05-08 09:15","(Sin valor)","1992:18:02","(Sin valor)","19062515","44374722","5461844.60979408","2088609.37878526","20993672","1510090.79771587","0","No","157820","6","3.305","(Sin valor)","57830311468"
"57830763391","HERENCIA ROOFTOP SAS ","Regulado","Medio","2946.5","Documentos para firma (Sales MR)","Daniela Dueñas Camacho","KAM","2026-03-09 20:51","2026-05-19 17:04","2026-06-30 17:09","1629:45:03","2026-06-01 17:00","338790","1276189","546184.46097941","208860.93787853","1614979","755045.39885793","373242.0033637","Sí","15782","6","7.80348337","(Sin valor)","57830763391"
"57856053937","Grupo Gradezco ","No regulado","Medio","400000","Carta de intención (Sales MNR)","Simón Hernández Medina","KAM","2026-03-11 09:35","2026-05-29 15:00","2026-06-30 14:35","1568:37:42","(Sin valor)","(Sin valor)","(Sin valor)","(Sin valor)","(Sin valor)","(Sin valor)","(Sin valor)","(Sin valor)","No","(Sin valor)","(Sin valor)","(Sin valor)","(Sin valor)","57856053937"
"57856096951","LUBRYCO & CIA - S.A.S ","Regulado","(Sin valor)","(Sin valor)","Reunión agendada (Sales MR)","Silvia Cuevas","KAM","2026-03-10 17:09","(Sin valor)","(Sin valor)","1967:47:42","(Sin valor)","(Sin valor)","(Sin valor)","(Sin valor)","(Sin valor)","(Sin valor)","(Sin valor)","(Sin valor)","(Sin valor)","(Sin valor)","(Sin valor)","(Sin valor)","(Sin valor)","57856096951"
"57865149023","Ecolaminados ","Regulado","(Sin valor)","(Sin valor)","Reunión agendada (Sales MR)","Silvia Cuevas","KAM","2026-03-10 11:12","(Sin valor)","(Sin valor)","1973:45:12","(Sin valor)","(Sin valor)","(Sin valor)","(Sin valor)","(Sin valor)","(Sin valor)","(Sin valor)","(Sin valor)","(Sin valor)","(Sin valor)","(Sin valor)","(Sin valor)","(Sin valor)","57865149023"
"57865272471","SUCROAGRO  S.A.S. ","Regulado","(Sin valor)","(Sin valor)","Reunión agendada (Sales MR)","Silvia Cuevas","KAM","2026-03-10 11:09","2026-05-22 09:05","(Sin valor)","1973:47:25","(Sin valor)","(Sin valor)","(Sin valor)","(Sin valor)","(Sin valor)","(Sin valor)","(Sin valor)","(Sin valor)","(Sin valor)","(Sin valor)","(Sin valor)","(Sin valor)","(Sin valor)","57865272471"
"57865530132","Niku Cartagena","Regulado","Alto","36135","Análisis comercial (Sales MR)","Alejandro Sánchez Jiménez","KAM","2026-03-10 17:55","2026-04-29 17:00","2026-05-29 16:24","1902:08:48","(Sin valor)","4155525","6104506","13066648.10624675","4556512.84111438","10260031","16472079.89423776","244801.26778065","Sí","344300.31","6","6.14665741","(Sin valor)","57865530132"
"57887472435","Restaurante y estadero la cucharita","Regulado","(Sin valor)","(Sin valor)","Reunión agendada (Sales MR)","Hector Steffan Camargo Rua","D2D","2026-03-10 15:41","(Sin valor)","(Sin valor)","1969:16:16","(Sin valor)","(Sin valor)","(Sin valor)","(Sin valor)","(Sin valor)","(Sin valor)","(Sin valor)","(Sin valor)","(Sin valor)","(Sin valor)","(Sin valor)","(Sin valor)","(Sin valor)","57887472435"
"57892610091","Ingrith Katerine Pintor Baquero","Regulado","Medio","2508","Análisis comercial (Sales MR)","Daniela Dueñas Camacho","Awareness","2026-03-11 09:16","2026-05-19 17:00","2026-04-30 08:26","1901:44:47","2026-06-01 17:00","288305","1410000","1092368.92195882","417721.87575705","1698305","1510090.79771587","552654.69500377","Sí","31564","12","17.78872655","(Sin valor)","57892610091"
"57892851063","QUALA S A","No regulado","Bajo","1825000","Carta de intención (Sales MNR)","Alexandra Murillo Fagua","KAM","2026-03-10 14:43","2026-05-27 17:45","2026-07-31 15:30","1748:36:27","2026-06-04 18:00","109500000","16167240","36889954.10624675","14106718.45022876","125667240","50996672.55647551","0","No","1065935.2239","15","3.21976198","(Sin valor)","57892851063"
"57899437924","ASOCIACION DE COPROPIETARIOS DEL CENTRO COMERCIAL SAN ANDRESITO PRIMERA ETAPA","Regulado","Bajo","25650","Análisis comercial (Sales MR)","Andrés Toro García","Bia Network","2026-03-11 12:24","2026-05-26 19:00","2026-05-15 14:46","1831:54:05","(Sin valor)","2949750","2495838.02","1151081.05312338","440173.39471438","5445588.02","1591254.44783776","0","No","33260.48703","9","4.83094132","(Sin valor)","57899437924"
"57911087224","Tienda y estadero el baraton","Regulado","(Sin valor)","(Sin valor)","Reunión agendada (Sales MR)","Hector Steffan Camargo Rua","D2D","2026-03-10 14:15","(Sin valor)","(Sin valor)","1970:42:14","(Sin valor)","(Sin valor)","(Sin valor)","(Sin valor)","(Sin valor)","(Sin valor)","(Sin valor)","(Sin valor)","(Sin valor)","(Sin valor)","(Sin valor)","(Sin valor)","(Sin valor)","57911087224"
"57939167750","Farmfood","Regulado","Bajo","5131.5","Análisis comercial (Sales MR)","Andrés Toro García","Awareness","2026-03-12 08:55","2026-05-26 19:00","2026-04-30 08:26","816:20:42","(Sin valor)","590065","1737828.17","1638553.38293822","208860.93787853","2327893.17","755045.39885793","0","Sí","15782","12","11.7446389","(Sin valor)","57939167750"
"57940103254","CABAÑAS RIO MAYO","Regulado","Alto","5446","Análisis comercial (Sales MR)","Andrés Toro García","Awareness","2026-03-12 09:37","2026-05-22 07:00","2026-05-29 17:42","1827:14:17","(Sin valor)","626175","1387633.96","1092368.92195882","417721.87575705","2013808.96","1510090.79771587","0","No","31564","12","7.97073657","(Sin valor)","57940103254"
"57941026312","TRILLOS CALDERON HOLDING SAS ","Regulado","Bajo","11696.5","Análisis comercial (Sales MR)","Silvia Milena Uribe Gutierrez","Bia Network","2026-03-12 08:27","2026-05-26 15:02","2026-06-30 15:03","1902:10:58","2026-06-12 17:45","1345040","2542670","1151081.05312338","440173.39471438","3887710","1591254.44783776","193675.04376035","No","33260.48703","9","9.32979753","(Sin valor)","57941026312"
"57941071225","MEDIPIEL","Regulado","Bajo","2567","Reunión efectiva (Sales MR)","Sebastian Mazorra Gomez","Bia Network","2026-03-11 15:20","2026-05-08 09:13","2026-06-23 08:04","1925:57:08","2026-06-06 08:00","295205","1276189","546184.46097941","208860.93787853","1571394","755045.39885793","854102.17918267","Sí","15782","6","13.14439079","(Sin valor)","57941071225"
"57941167207","Barberia Junglababershop","Regulado","Medio","1433.5","Reunión efectiva (Sales MR)","Hector Steffan Camargo Rua","(Sin valor)","2026-03-12 15:25","2026-05-27 10:03","2026-04-08 18:40","1918:23:44","(Sin valor)","164795","473558.61","546184.46097941","208860.93787853","638353.61","755045.39885793","75644.53082279","Sí","15782","6","6.80657519","(Sin valor)","57941167207"
"57943527982","Dgala","Regulado","(Sin valor)","(Sin valor)","Reunión agendada (Sales MR)","Hector Steffan Camargo Rua","D2D","2026-03-12 11:29","(Sin valor)","(Sin valor)","1925:27:57","(Sin valor)","(Sin valor)","(Sin valor)","(Sin valor)","(Sin valor)","(Sin valor)","(Sin valor)","(Sin valor)","(Sin valor)","(Sin valor)","(Sin valor)","(Sin valor)","(Sin valor)","57943527982"
"57945454671","JARDIN EXOTICS S.A.S.","Regulado","Bajo","60022.5","Análisis comercial (Sales MR)","Juan Pablo Blanco Lugo","BDR","2026-03-12 10:53","2026-05-27 10:00","2026-05-15 14:56","1728:32:08","(Sin valor)","6902530","10285350","23831134.10624675","9113025.68222876","17187880","32944159.78847551","0","Sí","688600.62","12","7.83728676","(Sin valor)","57945454671"
"57947192241","24/7 STOP S.A.S. ZOMAC","Regulado","Bajo","7378.5","Análisis comercial (Sales MR)","Andrés Toro García","Awareness","2026-03-12 15:45","2026-05-26 19:00","2026-05-22 07:45","1751:34:35","(Sin valor)","848470","3380605.28","1092368.92195882","417721.87575705","4229075.28","1510090.79771587","283560.27967691","Sí","31564","15","16.07803524","(Sin valor)","57947192241"
"57955635635","CORPORACION DE ABASTOS DE BOGOTA S A","Regulado","Bajo","1131134.5","Reunión agendada (Sales MR)","Andrés Toro García","Performance","2026-03-12 09:42","2026-05-28 19:00","2026-05-29 09:11","1927:14:55","(Sin valor)","130080410","2892233.43","30504906.15937013","11665076.11534314","132972643.42999999","42169982.27471327","0","No","881439.263475","9","3.51921983","(Sin valor)","57955635635"
"57958650731","Delicias del mar los amigos","Regulado","(Sin valor)","(Sin valor)","Reunión agendada (Sales MR)","Hector Steffan Camargo Rua","D2D","2026-03-12 13:48","2026-05-20 09:31","(Sin valor)","1923:09:17","(Sin valor)","(Sin valor)","(Sin valor)","(Sin valor)","(Sin valor)","(Sin valor)","(Sin valor)","(Sin valor)","(Sin valor)","(Sin valor)","(Sin valor)","(Sin valor)","(Sin valor)","57958650731"
"57980005667","NATIVO FOODS COMPANY S.A.S. SIGLA NATIVO FOODS CO ","No regulado","Medio","120000","Carta de intención (Sales MNR)","Simón Hernández Medina","KAM","2026-03-15 20:20","2026-05-28 16:30","2026-05-31 17:19","1832:21:58","(Sin valor)","(Sin valor)","(Sin valor)","(Sin valor)","(Sin valor)","(Sin valor)","(Sin valor)","(Sin valor)","No","(Sin valor)","(Sin valor)","(Sin valor)","(Sin valor)","57980005667"
"57980199217","Materiales EMO ","No regulado","Bajo","1500000","Carta de intención (Sales MNR)","Simón Hernández Medina","IA","2026-03-16 07:40","2026-05-26 14:00","2026-06-30 14:31","1757:15:42","2026-06-02 14:30","(Sin valor)","(Sin valor)","(Sin valor)","(Sin valor)","(Sin valor)","(Sin valor)","(Sin valor)","No","(Sin valor)","(Sin valor)","(Sin valor)","(Sin valor)","57980199217"
"57984000157","TAUSSIG CONDITA S.A.S","No regulado","(Sin valor)","(Sin valor)","Reunión agendada (Sales MNR)","Alejandro Sánchez Jiménez","IA","2026-03-13 09:14","(Sin valor)","(Sin valor)","1903:42:50","(Sin valor)","(Sin valor)","(Sin valor)","(Sin valor)","(Sin valor)","(Sin valor)","(Sin valor)","(Sin valor)","(Sin valor)","(Sin valor)","(Sin valor)","(Sin valor)","(Sin valor)","57984000157"
"57986962228","CERÁMICAS Y MATERIALES CASTELLÓN S.A.S.","No regulado","(Sin valor)","(Sin valor)","Reunión efectiva (Sales MNR)","Alejandro Sánchez Jiménez","Performance","2026-03-13 10:56","2026-04-10 09:14","(Sin valor)","1298:03:17","(Sin valor)","(Sin valor)","(Sin valor)","(Sin valor)","(Sin valor)","(Sin valor)","(Sin valor)","(Sin valor)","(Sin valor)","(Sin valor)","(Sin valor)","(Sin valor)","(Sin valor)","57986962228"
"57994564174","Tienda las palmas","Regulado","(Sin valor)","(Sin valor)","Reunión agendada (Sales MR)","Hector Steffan Camargo Rua","D2D","2026-03-13 10:14","(Sin valor)","(Sin valor)","1902:42:37","(Sin valor)","(Sin valor)","(Sin valor)","(Sin valor)","(Sin valor)","(Sin valor)","(Sin valor)","(Sin valor)","(Sin valor)","(Sin valor)","(Sin valor)","(Sin valor)","(Sin valor)","57994564174"
"58022474145","Funeraria la hispana","Regulado","(Sin valor)","(Sin valor)","Reunión agendada (Sales MR)","Hector Steffan Camargo Rua","D2D","2026-03-16 07:46","2026-05-27 10:00","(Sin valor)","1833:11:18","(Sin valor)","(Sin valor)","(Sin valor)","(Sin valor)","(Sin valor)","(Sin valor)","(Sin valor)","(Sin valor)","(Sin valor)","(Sin valor)","(Sin valor)","(Sin valor)","(Sin valor)","58022474145"
"58022551632","SERVISION DE COLOMBIA","Regulado","Won","5685.5","Documentos firmados (Sales MR)","Juan Pablo Blanco Lugo","Awareness","2026-03-16 07:42","2026-05-28 10:00","2026-05-29 00:16","64:41:17","2026-06-01 08:00","653775","2115000","2184737.84391763","626582.81363558","2768775","2265136.1965738","170840.42325345","Sí","47346","12","12.78912113","(Sin valor)","58022551632"
"58025327912","Bufalabella S.A.S ","Regulado","Bajo","23895.5","Análisis comercial (Sales MR)","Sebastian Mazorra Gomez","Bia Network","2026-03-17 17:07","2026-05-28 08:00","2026-05-08 10:39","1632:27:25","(Sin valor)","2747925","1392240","546184.46097941","208860.93787853","4140165","755045.39885793","0","No","15782","6","5.37957334","(Sin valor)","58025327912"
"58047249021","POBLADO HOTELES S.A","No regulado","Bajo","(Sin valor)","Análisis comercial (Sales MNR)","Alexandra Murillo Fagua","Performance","2026-03-17 17:34","2026-05-28 08:00","2026-07-31 10:12","455:37:27","2026-06-01 08:00","(Sin valor)","(Sin valor)","(Sin valor)","(Sin valor)","(Sin valor)","(Sin valor)","(Sin valor)","Sí","(Sin valor)","(Sin valor)","(Sin valor)","(Sin valor)","58047249021"
"58047421848","Rojas Hermanos","Regulado","Medio","21560","Análisis comercial (Sales MR)","Daniela Dueñas Camacho","Performance","2026-03-16 12:24","2026-05-30 17:00","2026-06-30 17:09","1749:50:57","2026-06-03 17:00","2479400","15967617","13066648.10624675","4996686.23582876","18447017","18063334.34207552","9509704.89460264","Sí","377560.79703","12","23.58248612","(Sin valor)","58047421848"
"58051121797","Gráficas navarro","Regulado","(Sin valor)","(Sin valor)","Reunión agendada (Sales MR)","Hector Steffan Camargo Rua","D2D","2026-03-17 11:25","2026-05-14 10:34","(Sin valor)","1805:31:31","(Sin valor)","(Sin valor)","(Sin valor)","(Sin valor)","(Sin valor)","(Sin valor)","(Sin valor)","(Sin valor)","(Sin valor)","(Sin valor)","(Sin valor)","(Sin valor)","(Sin valor)","58051121797"
"58058940679","Ejemplo Juancho 1","Regulado","(Sin valor)","(Sin valor)","Reunión agendada (Sales MR)","Hector Steffan Camargo Rua","D2D","2026-03-16 17:17","(Sin valor)","(Sin valor)","1823:40:21","(Sin valor)","(Sin valor)","(Sin valor)","(Sin valor)","(Sin valor)","(Sin valor)","(Sin valor)","(Sin valor)","(Sin valor)","(Sin valor)","(Sin valor)","(Sin valor)","(Sin valor)","58058940679"
"58060899336","El baquedero","Regulado","(Sin valor)","(Sin valor)","Reunión agendada (Sales MR)","Hector Steffan Camargo Rua","D2D","2026-03-17 14:33","(Sin valor)","(Sin valor)","1802:24:15","(Sin valor)","(Sin valor)","(Sin valor)","(Sin valor)","(Sin valor)","(Sin valor)","(Sin valor)","(Sin valor)","(Sin valor)","(Sin valor)","(Sin valor)","(Sin valor)","(Sin valor)","58060899336"
"58069169480","Hotel costa caribe","Regulado","Bajo","5939.5","Reunión efectiva (Sales MR)","Juan Pablo Blanco Lugo","D2D","2026-03-17 11:05","2026-05-27 10:00","2026-06-26 18:06","1009:14:15","(Sin valor)","682985","2239074","1092368.92195882","417721.87575705","2922059","1510090.79771587","0","Sí","31564","9","7.77985037","(Sin valor)","58069169480"
"58069230935","Colegio Colombo Inglés","Regulado","Bajo","12980","Análisis comercial (Sales MR)","Andrés Toro García","Awareness","2026-03-16 14:16","2026-05-26 19:15","2026-05-15 07:44","1470:48:49","(Sin valor)","1492700","8383025.43","11915567.05312338","4556512.84111438","9875725.43","16472079.89423776","2299366.36298198","Sí","344300.31","12","15.64190716","(Sin valor)","58069230935"
"58098344469","Autogermana","Regulado","Bajo","47165","Análisis comercial (Sales MR)","Silvia Milena Uribe Gutierrez","Referido interno","2026-03-17 17:29","2026-05-29 17:45","2026-05-30 08:10","1222:24:13","2026-06-01 17:45","5423975","15055708","14217729.15937013","5436859.63054314","20479683","19654588.78991327","6614018.85231781","No","410821.28406","18","21.55165397","(Sin valor)","58098344469"
"58134596414","Materiales EMO MR","Regulado","(Sin valor)","25329","Reunión efectiva (Sales MR)","Simón Hernández Medina","KAM","2026-03-18 13:47","2026-05-26 15:30","(Sin valor)","584:27:22","2026-06-01 16:15","2912835","10801512.17","23831134.10624675","9113025.68222876","13714347.17","32944159.78847551","24673541.06611783","No","688600.62","12","35.00216502","(Sin valor)","58134596414"
"58136110862","YILCOQUE S.A.S. - 2026","Regulado","Medio","38053.5","Análisis comercial (Sales MR)","Andrés Toro García","KAM","2026-03-19 08:32","2026-05-26 19:00","2026-05-29 15:38","1632:12:13","(Sin valor)","4376095","13288377.1","1475134.10624676","564091.28222876","17664472.1","2039225.38847551","0","No","42624","9","8.97375851","(Sin valor)","58136110862"
"58136167812","CADENA COMERCIAL OXXO COLOMBIA S A S 2","Regulado","Bajo","667220","Reunión efectiva (Sales MR)","Sebastian Mazorra Gomez","KAM","2026-03-19 06:18","2026-05-22 08:00","2026-05-15 12:20","1160:47:01","2026-06-01 18:00","76728805","56387985.90999995","78079532.13670185","29857613.08907481","133116790.90999997","107937145.22577664","0","No","2256108.08109","9","8.56368948","(Sin valor)","58136167812"
"58136190229","Dely loco ","Regulado","Bajo","1767","Análisis comercial (Sales MR)","Juan Pablo Blanco Lugo","(Sin valor)","2026-03-10 09:16","2026-05-27 10:00","2026-05-30 14:29","1752:54:08","(Sin valor)","203205","1241897","546184.46097941","208860.93787853","1445102","755045.39885793","439367.21830777","Sí","15782","9","12.9317572","(Sin valor)","58136190229"
"58139323513","INVERSIONES PIRANGUATA SAS","Regulado","Medio","26280.5","Análisis comercial (Sales MR)","Andrés Toro García","Awareness","2026-03-18 11:03","2026-05-26 19:00","2026-06-01 07:44","1144:39:40","(Sin valor)","3022085","1109368.05","2730922.30489704","0","4131453.05","0","0","No","78910","12","4.20407432","(Sin valor)","58139323513"
"58158190632","Tienda la clave del éxito","Regulado","Won","880.5","Documentos para firma (Sales MR)","Hector Steffan Camargo Rua","D2D","2026-03-19 16:01","(Sin valor)","2026-03-24 00:18","1479:42:14","(Sin valor)","101200","473558.61","546184.46097941","208860.93787853","574758.61","755045.39885793","77229.49658444","Sí","15782","9","10.39703477","No","58158190632"
"58164705423","CENTRO OFTALMOLOGICO DEL LLANO","Regulado","Bajo","6432.5","Análisis comercial (Sales MR)","Juan Pablo Blanco Lugo","Referrals","2026-03-19 15:08","2026-05-27 10:00","2026-05-30 07:19","1130:04:43","(Sin valor)","739680","7924740","1638553.38293822","626582.81363558","8664420","2265136.1965738","5377574.82824245","Sí","47346","9","23.72481085","(Sin valor)","58164705423"
"58173105310","PIARO IMPRESORES S A S","Regulado","Bajo","72889.65","Reunión agendada (Sales MR)","Andrés Toro García","Bia Network","2026-03-19 18:11","2026-05-18 19:00","2026-05-29 09:01","1750:46:03","(Sin valor)","8382120","1763086.49","3940715.48918498","1506929.60306434","10145206.49","5447645.09224932","0","No","113866.97406","9","4.71642112","(Sin valor)","58173105310"
"58175588371","Baq print","Regulado","(Sin valor)","(Sin valor)","Reunión agendada (Sales MR)","Hector Steffan Camargo Rua","D2D","2026-03-18 15:34","2026-05-19 09:40","(Sin valor)","1777:22:59","(Sin valor)","(Sin valor)","(Sin valor)","(Sin valor)","(Sin valor)","(Sin valor)","(Sin valor)","(Sin valor)","(Sin valor)","(Sin valor)","(Sin valor)","(Sin valor)","(Sin valor)","58175588371"
"58178963030","GRUPO PÁRAMO S.A.S.","Regulado","Bajo","5727","Análisis comercial (Sales MR)","Juan Pablo Blanco Lugo","BDR","2026-03-19 16:39","2026-05-25 15:30","2026-07-11 17:29","1303:59:59","2026-06-08 10:00","658605","2820000","2184737.84391763","835443.7515141","3478605","3020181.59543174","861477.2390453","Sí","63128","12","15.95002759","(Sin valor)","58178963030"
"58182243100","FONRECAR","Regulado","Bajo","3500","Análisis comercial (Sales MR)","Daniela Dueñas Camacho","Bia Network","2026-03-18 14:59","2026-05-25 17:00","2026-05-16 17:53","984:51:36","(Sin valor)","402500","1119537","546184.46097941","208860.93787853","1522037","755045.39885793","0","Sí","15782","15","9.4140296","(Sin valor)","58182243100"
"58208806666","LUCENA ZARANTE ","Regulado","Medio","5171.5","Documentos para firma (Sales MR)","Alejandro Sánchez Jiménez","KAM","2026-03-20 11:22","2026-04-29 17:00","2026-04-30 08:26","1638:40:59","(Sin valor)","594665","949846.83","1638553.38293822","626582.81363558","1544511.83","2265136.1965738","329729.00393288","No","47346","12","13.38670937","(Sin valor)","58208806666"
"58208868427","Image Printing","Regulado","(Sin valor)","7966.5","Análisis comercial (Sales MR)","Silvia Milena Uribe Gutierrez","IA","2026-03-20 11:18","2026-05-25 17:45","2026-06-30 12:48","124:08:59","2026-06-02 17:45","916090","1410000","1638553.38293822","417721.87575705","2326090","1510090.79771587","195873.52623601","No","31564","12","12.64568239","(Sin valor)","58208868427"
"58227242386","STAY S.A.S.","Regulado","Bajo","133386","Análisis comercial (Sales MR)","Andrés Toro García","Awareness","2026-03-20 15:10","2026-05-26 19:00","2026-05-15 07:44","1470:37:47","(Sin valor)","15338355","49134191.34999999","40123247.35006056","15343129.78666315","64472546.34999999","55466377.13672372","0","Sí","1159361.23218","15","13.55876362","(Sin valor)","58227242386"
"58254514227","UPSELLING - BKAL S.A.S","Regulado","Medio","8550","Documentos para firma (Sales MR)","Cristian Camilo Restrepo Pino","Upselling Inbound","2026-03-24 09:33","2026-05-06 15:46","2026-05-31 09:43","1442:29:23","(Sin valor)","983250","2172641.81","1151081.05312338","440173.39471438","3155891.81","1591254.44783776","183336.20770772","Sí","33260.48703","9","9.55508663","(Sin valor)","58254514227"
"58268417157","PRODIA S.A.S.","Regulado","(Sin valor)","21560","Análisis comercial (Sales MR)","Andrés Toro García","Performance","2026-03-24 08:53","2026-05-26 19:00","2026-05-29 07:44","775:40:52","(Sin valor)","2479400","4345283.62","2302162.10624676","880346.78942876","6824683.62","3182508.89567551","0","Sí","66520.97406","12","8.87891662","(Sin valor)","58268417157"
"58289378109","KURIMA SAS ","Regulado","Medio","356.5","Reunión efectiva (Sales MR)","Juan Pablo Blanco Lugo","Awareness","2026-03-24 17:42","2026-05-27 10:00","2026-05-01 08:21","1495:35:58","(Sin valor)","40940","2944149","546184.46097941","208860.93787853","2985089","755045.39885793","2863808.22873697","Sí","15782","6","147.67826601","(Sin valor)","58289378109"
"58295123878","Hotel  avanty ","Regulado","Medio","3880","Análisis comercial (Sales MR)","Juan Pablo Blanco Lugo","(Sin valor)","2026-03-24 13:17","2026-05-22 10:30","2026-06-03 07:28","1634:27:33","2026-06-25 10:00","446200","1271444","737567.05312338","282045.64111438","1717644","1019612.69423776","0","Sí","21312","9","6.99998356","(Sin valor)","58295123878"
"58295560022","Upselling - THYMS COLOMBIA S A S","Regulado","Bajo","31825","Análisis comercial (Sales MR)","Silvia Milena Uribe Gutierrez","Upselling Inbound","2026-03-25 18:40","2026-05-28 17:45","2026-05-30 17:35","982:59:49","2026-06-04 17:45","3659875","14308549","11915567.05312338","4556512.84111438","17968424","16472079.89423776","3425017.15655958","Sí","344300.31","12","14.826037","(Sin valor)","58295560022"
"58295930214","Restaurante Tierra Querida ","Regulado","Bajo","1872.5","Reunión agendada (Sales MR)","Juan Pablo Blanco Lugo","(Sin valor)","2026-03-24 13:29","2026-05-27 10:00","2026-05-30 07:18","1635:27:44","(Sin valor)","215280","1119537","546184.46097941","208860.93787853","1334817","755045.39885793","269318.69138209","Sí","15782","9","11.2748682","(Sin valor)","58295930214"
"58304014478","El Palacio de Cerdo San Francisco","Regulado","Alto","10244","Análisis comercial (Sales MR)","Andrés Toro García","Referrals","2026-03-24 10:16","2026-05-25 19:00","2026-05-11 07:44","1464:19:44","(Sin valor)","1178060","4176720","1638553.38293822","626582.81363558","5354780","2265136.1965738","2938607.17208979","No","47346","12","19.53278322","(Sin valor)","58304014478"
"58314897756","EDIFICIO CENTRAL PARK","Regulado","Bajo","2128.5","Análisis comercial (Sales MR)","Daniela Dueñas Camacho","Bia Network","2026-03-24 10:21","2026-05-20 17:00","2026-06-30 17:09","893:07:04","2026-06-01 17:00","244720","1271444","737567.05312338","282045.64111438","1516164","1019612.69423776","304956.5209728","Sí","21312","9","11.26601035","(Sin valor)","58314897756"
"58315204634","Polyvalle","No regulado","Bajo","(Sin valor)","Análisis comercial (Sales MNR)","María Paula Pico Loaiza","Partnerships","2026-03-24 11:29","2026-05-30 17:00","2026-06-30 09:28","1081:44:01","2026-06-02 17:00","(Sin valor)","(Sin valor)","(Sin valor)","(Sin valor)","(Sin valor)","(Sin valor)","(Sin valor)","No","(Sin valor)","(Sin valor)","(Sin valor)","(Sin valor)","58315204634"
"58332121734","Centro de Especialidades Medicas","Regulado","Bajo","(Sin valor)","Reunión efectiva (Sales MR)","Juan Pablo Blanco Lugo","Awareness","2026-03-26 10:32","2026-05-27 10:00","2026-06-30 07:17","1587:53:05","(Sin valor)","(Sin valor)","(Sin valor)","(Sin valor)","(Sin valor)","(Sin valor)","(Sin valor)","(Sin valor)","(Sin valor)","(Sin valor)","(Sin valor)","(Sin valor)","(Sin valor)","58332121734"
"58332179264","Upselling - OFFIMEDICAS S.A.","Regulado","Bajo","(Sin valor)","Reunión agendada (Sales MR)","Juan Pablo Blanco Lugo","Upselling Inbound","2026-03-26 09:27","2026-05-27 10:04","2026-05-30 07:14","1442:37:15","(Sin valor)","(Sin valor)","(Sin valor)","(Sin valor)","(Sin valor)","(Sin valor)","(Sin valor)","(Sin valor)","(Sin valor)","(Sin valor)","(Sin valor)","(Sin valor)","(Sin valor)","58332179264"
"58338564215","Hotel Hispanoamericano","Regulado","Bajo","6797","Reunión efectiva (Sales MR)","Juan Pablo Blanco Lugo","D2D","2026-03-24 14:26","2026-05-22 10:30","2026-06-30 09:58","148:21:16","2026-06-25 08:00","781655","1271444","737567.05312338","282045.64111438","2053099","1019612.69423776","0","Sí","21312","9","4.77626276","(Sin valor)","58338564215"
"58370561663","SUITES HOUSE S.A.S.","Regulado","Bajo","8740","Análisis comercial (Sales MR)","Andrés Toro García","Performance","2026-03-25 15:42","2026-05-28 19:00","2026-05-15 07:44","1465:40:15","(Sin valor)","1005100","4124170","2302162.10624676","880346.78942876","5129270","3182508.89567551","0","Sí","66520.97406","18","16.14282316","(Sin valor)","58370561663"
"58404263249","Servimagro ","No regulado","Medio","55000","Carta de intención (Sales MNR)","Simón Hernández Medina","KAM","2026-03-27 08:23","2026-05-27 15:15","2026-06-30 10:27","223:05:07","2026-06-01 12:45","3300000","7946080","11915567.05312338","4556512.84111438","11246080","16472079.89423776","852034.89423776","No","344300.31","15","15.47571145","(Sin valor)","58404263249"
"58427373104","Abastos el rio","Regulado","(Sin valor)","(Sin valor)","Reunión agendada (Sales MR)","Hector Steffan Camargo Rua","D2D","2026-03-27 08:45","2026-05-27 10:00","(Sin valor)","1568:11:37","(Sin valor)","(Sin valor)","(Sin valor)","(Sin valor)","(Sin valor)","(Sin valor)","(Sin valor)","(Sin valor)","(Sin valor)","(Sin valor)","(Sin valor)","(Sin valor)","(Sin valor)","58427373104"
"58444986941","Arroz Doña Ena SAS","Regulado","Alto","55000","Análisis comercial (Sales MR)","Simón Hernández Medina","Performance","2026-03-26 16:46","2026-05-29 08:19","2026-05-29 08:28","392:14:49","(Sin valor)","4963400","6104506","11915567.05312338","4556512.84111438","11067906","16472079.89423776","0","No","344300.31","6","(Sin valor)","(Sin valor)","58444986941"
"58447206425","Mercadito santa ines","Regulado","(Sin valor)","(Sin valor)","Reunión agendada (Sales MR)","Hector Steffan Camargo Rua","D2D","2026-03-27 08:43","2026-05-22 10:30","(Sin valor)","1568:13:31","(Sin valor)","(Sin valor)","(Sin valor)","(Sin valor)","(Sin valor)","(Sin valor)","(Sin valor)","(Sin valor)","(Sin valor)","(Sin valor)","(Sin valor)","(Sin valor)","(Sin valor)","58447206425"
"58447917979","Hotel plaza Bolívar","Regulado","(Sin valor)","(Sin valor)","Reunión agendada (Sales MR)","Hector Steffan Camargo Rua","D2D","2026-03-26 14:40","(Sin valor)","(Sin valor)","1586:17:10","(Sin valor)","(Sin valor)","(Sin valor)","(Sin valor)","(Sin valor)","(Sin valor)","(Sin valor)","(Sin valor)","(Sin valor)","(Sin valor)","(Sin valor)","(Sin valor)","(Sin valor)","58447917979"
"58474824037","FROZEN LOGÍSTICA Y VALOR SAS ","No regulado","Medio","(Sin valor)","Carta de intención (Sales MNR)","Simón Hernández Medina","KAM","2026-03-30 09:03","2026-05-29 12:30","2026-06-30 14:30","1495:53:38","(Sin valor)","(Sin valor)","(Sin valor)","(Sin valor)","(Sin valor)","(Sin valor)","(Sin valor)","(Sin valor)","No","(Sin valor)","(Sin valor)","0","(Sin valor)","58474824037"
"58479571760","BYCSA SA RENOVACION","No regulado","Medio","(Sin valor)","Carta de intención (Sales MNR)","Simón Hernández Medina","KAM","2026-03-30 08:58","2026-05-28 11:31","2026-06-30 14:30","1495:58:32","2026-06-04 16:15","(Sin valor)","(Sin valor)","(Sin valor)","(Sin valor)","(Sin valor)","(Sin valor)","(Sin valor)","No","(Sin valor)","(Sin valor)","(Sin valor)","(Sin valor)","58479571760"
"58510850058","MOMA ACCESORIOS MACIAS CORREAL JUAN PABLO","Regulado","Bajo","17495.5","Análisis comercial (Sales MR)","Juan Pablo Blanco Lugo","Awareness","2026-03-27 12:06","2026-05-27 12:19","2026-06-10 07:17","1230:12:45","2026-06-02 10:00","2011695","6606483","3823291.22685586","1462026.56514968","8618178","5285317.79200554","0","Sí","110474","12","8.70175584","(Sin valor)","58510850058"
"58554323222","Rapi Ricuras","Regulado","(Sin valor)","(Sin valor)","Reunión agendada (Sales MR)","Hector Steffan Camargo Rua","D2D","2026-03-30 08:33","2026-05-27 10:00","(Sin valor)","1496:24:17","(Sin valor)","(Sin valor)","(Sin valor)","(Sin valor)","(Sin valor)","(Sin valor)","(Sin valor)","(Sin valor)","(Sin valor)","(Sin valor)","(Sin valor)","(Sin valor)","(Sin valor)","58554323222"
"58554518070","Estación de servicio Brio","Regulado","(Sin valor)","(Sin valor)","Reunión agendada (Sales MR)","Hector Steffan Camargo Rua","D2D","2026-03-30 09:16","2026-05-27 10:00","(Sin valor)","1495:41:03","(Sin valor)","(Sin valor)","(Sin valor)","(Sin valor)","(Sin valor)","(Sin valor)","(Sin valor)","(Sin valor)","(Sin valor)","(Sin valor)","(Sin valor)","(Sin valor)","(Sin valor)","58554518070"
"58554570584","Hotel  interamericano","Regulado","(Sin valor)","(Sin valor)","Reunión agendada (Sales MR)","Hector Steffan Camargo Rua","D2D","2026-03-30 10:02","(Sin valor)","(Sin valor)","1494:54:56","(Sin valor)","(Sin valor)","(Sin valor)","(Sin valor)","(Sin valor)","(Sin valor)","(Sin valor)","(Sin valor)","(Sin valor)","(Sin valor)","(Sin valor)","(Sin valor)","(Sin valor)","58554570584"
"58554613018","MUNDI MERCHANDIS PLASTIC S.A.S/INDUSTRIAS FENIX","Regulado","Bajo","197700","Análisis comercial (Sales MR)","Sebastian Mazorra Gomez","Referrals","2026-03-30 09:51","2026-05-29 08:00","2026-05-30 17:54","461:18:26","2026-06-01 08:00","22735500","14675000","12094648.10624675","4624993.43582876","37410500","16719641.54207551","0","No","349474.85703","9","7.18978657","(Sin valor)","58554613018"
"58554704423","Materiales EMO","Regulado","Bajo","(Sin valor)","Reunión agendada (Sales MR)","Juan Pablo Blanco Lugo","D2D","2026-03-30 09:44","(Sin valor)","2026-05-30 14:31","1495:13:13","(Sin valor)","(Sin valor)","(Sin valor)","(Sin valor)","(Sin valor)","(Sin valor)","(Sin valor)","(Sin valor)","(Sin valor)","(Sin valor)","(Sin valor)","(Sin valor)","(Sin valor)","58554704423"
"58555454618","Discoteca babaro","Regulado","(Sin valor)","(Sin valor)","Reunión agendada (Sales MR)","Hector Steffan Camargo Rua","D2D","2026-03-30 09:48","2026-05-27 10:00","(Sin valor)","1495:08:40","(Sin valor)","(Sin valor)","(Sin valor)","(Sin valor)","(Sin valor)","(Sin valor)","(Sin valor)","(Sin valor)","(Sin valor)","(Sin valor)","(Sin valor)","(Sin valor)","(Sin valor)","58555454618"
"58555529085","Cerámica san Lorenzo","Regulado","(Sin valor)","(Sin valor)","Reunión agendada (Sales MR)","Hector Steffan Camargo Rua","D2D","2026-03-30 09:27","(Sin valor)","(Sin valor)","1495:29:32","(Sin valor)","(Sin valor)","(Sin valor)","(Sin valor)","(Sin valor)","(Sin valor)","(Sin valor)","(Sin valor)","(Sin valor)","(Sin valor)","(Sin valor)","(Sin valor)","(Sin valor)","58555529085"
"58557188177","Panadería Dulcelandia","Regulado","(Sin valor)","(Sin valor)","Reunión agendada (Sales MR)","Hector Steffan Camargo Rua","D2D","2026-03-30 11:56","2026-04-09 09:01","(Sin valor)","1493:00:36","(Sin valor)","(Sin valor)","(Sin valor)","(Sin valor)","(Sin valor)","(Sin valor)","(Sin valor)","(Sin valor)","(Sin valor)","(Sin valor)","(Sin valor)","(Sin valor)","(Sin valor)","58557188177"
"58564813986","INVERSIONES ZIPA COLOMBIA SAS","Regulado","Bajo","3300","Análisis comercial (Sales MR)","Daniela Dueñas Camacho","Referido interno","2026-03-30 15:12","2026-05-22 17:00","2026-06-30 17:09","1466:01:48","2026-06-01 17:00","379500","1086340","546184.46097941","208860.93787853","1465840","755045.39885793","0","Sí","15782","12","11.66423158","(Sin valor)","58564813986"
"58587868574","Ferretería JRC","Regulado","(Sin valor)","(Sin valor)","Reunión agendada (Sales MR)","Hector Steffan Camargo Rua","D2D","2026-03-30 12:49","2026-04-09 09:10","(Sin valor)","1492:07:32","(Sin valor)","(Sin valor)","(Sin valor)","(Sin valor)","(Sin valor)","(Sin valor)","(Sin valor)","(Sin valor)","(Sin valor)","(Sin valor)","(Sin valor)","(Sin valor)","(Sin valor)","58587868574"
"58630657546","Icoformas SAS","Regulado","Bajo","(Sin valor)","Reunión agendada (Sales MR)","Juan Pablo Blanco Lugo","Awareness","2026-04-01 09:22","2026-05-28 10:41","2026-05-30 07:27","1447:35:15","(Sin valor)","(Sin valor)","(Sin valor)","(Sin valor)","(Sin valor)","(Sin valor)","(Sin valor)","(Sin valor)","(Sin valor)","(Sin valor)","(Sin valor)","(Sin valor)","(Sin valor)","58630657546"
"58634218639","MULTIPLIKA SAS ","Regulado","Medio","9360","Análisis comercial (Sales MR)","Alexandra Murillo Fagua","KAM","2026-03-31 12:07","2026-05-30 17:30","2026-06-30 09:35","1280:43:53","2026-05-31 17:30","1076400","548732.83","1151081.05312338","440173.39471438","1625132.83","1591254.44783776","676062.01342916","No","33260.48703","6","7.93146607","(Sin valor)","58634218639"
"58650070538","Hotel Genova","Regulado","Bajo","(Sin valor)","Reunión agendada (Sales MR)","Juan Pablo Blanco Lugo","D2D","2026-03-31 11:27","2026-05-27 10:00","2026-05-30 07:16","1469:30:07","(Sin valor)","(Sin valor)","(Sin valor)","(Sin valor)","(Sin valor)","(Sin valor)","(Sin valor)","(Sin valor)","(Sin valor)","(Sin valor)","(Sin valor)","(Sin valor)","(Sin valor)","58650070538"
"58650598473","SKANDIA COMPAÑIA DE SEGUROS DE VIDA S.A","Regulado","Bajo","27151.5","Análisis comercial (Sales MR)","Daniela Dueñas Camacho","Referrals","2026-03-31 14:21","2026-05-28 17:00","2026-06-30 17:09","1278:59:37","2026-06-02 17:00","3122365","8660740","12461751.51410278","4765373.77899291","11783105","17227125.29309569","0","Sí","360082.31","18","11.39613074","(Sin valor)","58650598473"
"58651965750","TESLA MOTORS COLOMBIA S.A.S.","No regulado","Bajo","(Sin valor)","Análisis comercial (Sales MR)","María Paula Pico Loaiza","Referido interno","2026-03-31 11:27","2026-05-30 17:00","2026-08-31 08:32","1060:22:44","2026-06-02 17:00","(Sin valor)","(Sin valor)","(Sin valor)","(Sin valor)","(Sin valor)","(Sin valor)","(Sin valor)","No","(Sin valor)","(Sin valor)","(Sin valor)","(Sin valor)","58651965750"
"58652581505","RTA PUNTO TAXI S A S","Regulado","(Sin valor)","10698.5","Documentos para firma (Sales MR)","Andrés Toro García","Performance","2026-03-31 10:20","2026-05-27 16:00","2026-05-29 14:03","122:50:20","(Sin valor)","1230270","3210000","2730922.30489704","0","4440270","3775226.99428967","0","Sí","78910","12","9.71315714","(Sin valor)","58652581505"
"58655061141","Inversiones CHAGO S.A.S","Regulado","(Sin valor)","(Sin valor)","Reunión agendada (Sales MR)","Hector Steffan Camargo Rua","D2D","2026-03-31 10:47","(Sin valor)","(Sin valor)","1470:10:13","(Sin valor)","(Sin valor)","(Sin valor)","(Sin valor)","(Sin valor)","(Sin valor)","(Sin valor)","(Sin valor)","(Sin valor)","(Sin valor)","(Sin valor)","(Sin valor)","(Sin valor)","58655061141"
"58754544800","EMO materiales ","Regulado","Bajo","4000","Reunión agendada (Sales MR)","Juan Pablo Blanco Lugo","(Sin valor)","2026-04-06 08:33","2026-05-27 10:00","2026-05-30 14:30","1328:23:35","(Sin valor)","460000","1119537","546184.46097941","208860.93787853","1579537","755045.39885793","0","Sí","15782","9","6.24403604","(Sin valor)","58754544800"
"58798357177","Bonihojaldres SAS","Regulado","Alto","4291","Documentos para firma (Sales MR)","Juan Pablo Blanco Lugo","Awareness","2026-04-06 10:00","2026-05-27 10:02","2026-05-21 22:00","402:40:10","(Sin valor)","493465","705000","546184.46097941","208860.93787853","1198465","755045.39885793","0","No","15782","12","11.95475604","(Sin valor)","58798357177"
"58798414193","Restaurante El Rancho de Jonas ","Regulado","Bajo","21450","Análisis comercial (Sales MR)","Silvia Milena Uribe Gutierrez","Performance","2026-04-06 08:14","2026-05-20 17:45","2026-06-30 15:54","1232:13:52","2026-06-03 17:45","2466750","1347139","546184.46097941","208860.93787853","3813889","755045.39885793","0","No","15782","9","5.85899311","(Sin valor)","58798414193"
"58867368839","INPERPLAS INDUSTRIA DE PERFILES PLASTICOS SAS","Regulado","Bajo","20527.5","Documentos para firma (Sales MR)","Andrés Toro García","Performance","2026-04-06 09:17","2026-05-28 19:00","2026-05-15 07:43","1228:24:01","(Sin valor)","2360605","705000","546184.46097941","208860.93787853","3065605","755045.39885793","0","No","15782","9","4.97723579","(Sin valor)","58867368839"
"58867725383","Unidossis","Regulado","Bajo","(Sin valor)","Reunión agendada (Sales MR)","Alexandra Murillo Fagua","Performance","2026-04-06 17:15","2026-05-28 09:05","2026-07-31 08:25","217:17:01","(Sin valor)","(Sin valor)","(Sin valor)","(Sin valor)","(Sin valor)","(Sin valor)","(Sin valor)","(Sin valor)","No","(Sin valor)","(Sin valor)","(Sin valor)","(Sin valor)","58867725383"
"58878250152","COLOMBIANA DE COMERCIO S.A.","Regulado","Bajo","100442","Análisis comercial (Sales MR)","Daniela Dueñas Camacho","Referido interno","2026-04-06 09:08","2026-05-29 17:00","2026-06-30 17:09","992:35:44","2026-06-01 17:00","11550715","20107996","57782003.21249351","22095838.02845752","31658711","79877841.24095103","0","Sí","1669610.982825","12","4.52709439","(Sin valor)","58878250152"
"58878973450","Hotel Génova Prado","Regulado","Bajo","(Sin valor)","Reunión agendada (Sales MR)","Juan Pablo Blanco Lugo","D2D","2026-04-06 10:30","2026-05-27 10:01","2026-06-30 07:26","1326:26:38","(Sin valor)","(Sin valor)","(Sin valor)","(Sin valor)","(Sin valor)","(Sin valor)","(Sin valor)","(Sin valor)","(Sin valor)","(Sin valor)","(Sin valor)","(Sin valor)","(Sin valor)","58878973450"
"58879258770","Promotora de Galerías Comerciales S.A.","Regulado","Bajo","25684.5","Análisis comercial (Sales MR)","Juan Pablo Blanco Lugo","Bia Network","2026-04-06 11:17","2026-05-27 10:00","2026-05-30 09:45","654:28:23","(Sin valor)","2953545","7755000","6008029.07077349","2297470.31666378","10708545","8305499.38743727","1906070.89253542","Sí","173602","9","10.94884277","(Sin valor)","58879258770"
"58882305569","CAMPANARIO CENTRO COMERCIAL","Regulado","Bajo","(Sin valor)","Análisis comercial (Sales MR)","Simón Hernández Medina","Comunidades energéticas","2026-04-06 15:07","2026-05-29 16:00","2026-07-31 09:33","584:26:29","(Sin valor)","(Sin valor)","(Sin valor)","(Sin valor)","(Sin valor)","(Sin valor)","(Sin valor)","(Sin valor)","No","(Sin valor)","(Sin valor)","(Sin valor)","(Sin valor)","58882305569"
"58882345880","Expendio de carnes y queso el parque","Regulado","(Sin valor)","(Sin valor)","Reunión agendada (Sales MR)","Hector Steffan Camargo Rua","D2D","2026-04-06 14:13","2026-04-16 09:11","(Sin valor)","1322:43:59","(Sin valor)","(Sin valor)","(Sin valor)","(Sin valor)","(Sin valor)","(Sin valor)","(Sin valor)","(Sin valor)","(Sin valor)","(Sin valor)","(Sin valor)","(Sin valor)","(Sin valor)","58882345880"
"58882607415","El puntazo","Regulado","(Sin valor)","(Sin valor)","Reunión agendada (Sales MR)","Hector Steffan Camargo Rua","D2D","2026-04-06 13:31","2026-04-16 09:07","(Sin valor)","1323:26:00","(Sin valor)","(Sin valor)","(Sin valor)","(Sin valor)","(Sin valor)","(Sin valor)","(Sin valor)","(Sin valor)","(Sin valor)","(Sin valor)","(Sin valor)","(Sin valor)","(Sin valor)","58882607415"
"58884037467","Fuller Pinto","Regulado","(Sin valor)","(Sin valor)","Reunión agendada (Sales MR)","Hector Steffan Camargo Rua","D2D","2026-04-06 15:48","2026-04-16 09:11","(Sin valor)","1321:09:02","(Sin valor)","(Sin valor)","(Sin valor)","(Sin valor)","(Sin valor)","(Sin valor)","(Sin valor)","(Sin valor)","(Sin valor)","(Sin valor)","(Sin valor)","(Sin valor)","(Sin valor)","58884037467"
"58884462862"," CAROLINA ERASO BENAVIDES","Regulado","(Sin valor)","(Sin valor)","Reunión agendada (Sales MR)","Andrés Toro García","Bia Network","2026-04-06 16:28","2026-05-18 09:05","(Sin valor)","1320:29:16","(Sin valor)","(Sin valor)","(Sin valor)","(Sin valor)","(Sin valor)","(Sin valor)","(Sin valor)","(Sin valor)","(Sin valor)","(Sin valor)","(Sin valor)","(Sin valor)","(Sin valor)","58884462862"
"58884632983","OPERADORA HOTELERA HGM 50 SAS","Regulado","Bajo","34240","Análisis comercial (Sales MR)","Daniela Dueñas Camacho","Performance","2026-04-06 17:04","2026-05-28 12:21","2026-06-30 17:09","992:45:09","(Sin valor)","3937600","13994229","11915567.05312338","4556512.84111438","17931829","16472079.89423776","11884739.1834276","No","344300.31","18","27.49969773","(Sin valor)","58884632983"
"58900556908","EDIFICIO CENTRO DE ESPECIALISTAS SOMOS ","Regulado","Bajo","2772","Reunión agendada (Sales MR)","Juan Pablo Blanco Lugo","Bia Network","2026-04-07 10:46","2026-04-20 09:15","2026-06-26 07:25","1302:11:03","(Sin valor)","318780","2641580","546184.46097941","208860.93787853","2960360","755045.39885793","1071650.46100499","Sí","15782","12","18.80877883","(Sin valor)","58900556908"
"58900948790","Granero #2","Regulado","(Sin valor)","(Sin valor)","Reunión agendada (Sales MR)","Hector Steffan Camargo Rua","D2D","2026-04-07 12:25","(Sin valor)","(Sin valor)","1300:31:59","(Sin valor)","(Sin valor)","(Sin valor)","(Sin valor)","(Sin valor)","(Sin valor)","(Sin valor)","(Sin valor)","(Sin valor)","(Sin valor)","(Sin valor)","(Sin valor)","(Sin valor)","58900948790"
"58939950947","Punto frío galapa","Regulado","(Sin valor)","(Sin valor)","Reunión agendada (Sales MR)","Hector Steffan Camargo Rua","D2D","2026-04-08 18:04","(Sin valor)","(Sin valor)","1270:53:06","(Sin valor)","(Sin valor)","(Sin valor)","(Sin valor)","(Sin valor)","(Sin valor)","(Sin valor)","(Sin valor)","(Sin valor)","(Sin valor)","(Sin valor)","(Sin valor)","(Sin valor)","58939950947"
"58943653512","Asados piolipaisa","Regulado","(Sin valor)","(Sin valor)","Reunión agendada (Sales MR)","Hector Steffan Camargo Rua","D2D","2026-04-08 14:42","(Sin valor)","(Sin valor)","1274:15:18","(Sin valor)","(Sin valor)","(Sin valor)","(Sin valor)","(Sin valor)","(Sin valor)","(Sin valor)","(Sin valor)","(Sin valor)","(Sin valor)","(Sin valor)","(Sin valor)","(Sin valor)","58943653512"
"58944205241","COMPLASESA S.A.S","No regulado","Bajo","(Sin valor)","Reunión agendada (Sales MNR)","Alexandra Murillo Fagua","KAM","2026-04-07 18:03","2026-05-07 18:00","2026-06-30 09:17","1294:54:10","(Sin valor)","(Sin valor)","(Sin valor)","(Sin valor)","(Sin valor)","(Sin valor)","(Sin valor)","(Sin valor)","(Sin valor)","(Sin valor)","(Sin valor)","(Sin valor)","(Sin valor)","58944205241"
"58944954719","Panadería la bendición de carrizal","Regulado","(Sin valor)","(Sin valor)","Reunión agendada (Sales MR)","Hector Steffan Camargo Rua","D2D","2026-04-07 16:16","(Sin valor)","(Sin valor)","1296:40:37","(Sin valor)","(Sin valor)","(Sin valor)","(Sin valor)","(Sin valor)","(Sin valor)","(Sin valor)","(Sin valor)","(Sin valor)","(Sin valor)","(Sin valor)","(Sin valor)","(Sin valor)","58944954719"
"58949663909","Sala de belleza leyla","Regulado","(Sin valor)","(Sin valor)","Reunión agendada (Sales MR)","Hector Steffan Camargo Rua","D2D","2026-04-08 10:57","(Sin valor)","(Sin valor)","1278:00:13","(Sin valor)","(Sin valor)","(Sin valor)","(Sin valor)","(Sin valor)","(Sin valor)","(Sin valor)","(Sin valor)","(Sin valor)","(Sin valor)","(Sin valor)","(Sin valor)","(Sin valor)","58949663909"
"58952260235","Soo","Regulado","(Sin valor)","(Sin valor)","Reunión agendada (Sales MR)","Hector Steffan Camargo Rua","D2D","2026-04-08 14:30","(Sin valor)","(Sin valor)","1274:27:11","(Sin valor)","(Sin valor)","(Sin valor)","(Sin valor)","(Sin valor)","(Sin valor)","(Sin valor)","(Sin valor)","(Sin valor)","(Sin valor)","(Sin valor)","(Sin valor)","(Sin valor)","58952260235"
"58953482857","Mi plazita","Regulado","(Sin valor)","(Sin valor)","Reunión agendada (Sales MR)","Hector Steffan Camargo Rua","D2D","2026-04-08 09:29","(Sin valor)","(Sin valor)","1279:27:40","(Sin valor)","(Sin valor)","(Sin valor)","(Sin valor)","(Sin valor)","(Sin valor)","(Sin valor)","(Sin valor)","(Sin valor)","(Sin valor)","(Sin valor)","(Sin valor)","(Sin valor)","58953482857"
"58956455466","Autoservicios el baraton","Regulado","(Sin valor)","(Sin valor)","Reunión agendada (Sales MR)","Hector Steffan Camargo Rua","D2D","2026-04-08 18:06","(Sin valor)","(Sin valor)","1270:50:53","(Sin valor)","(Sin valor)","(Sin valor)","(Sin valor)","(Sin valor)","(Sin valor)","(Sin valor)","(Sin valor)","(Sin valor)","(Sin valor)","(Sin valor)","(Sin valor)","(Sin valor)","58956455466"
"58957295401","Mixter Carnes","Regulado","(Sin valor)","(Sin valor)","Reunión agendada (Sales MR)","Hector Steffan Camargo Rua","D2D","2026-04-07 16:20","(Sin valor)","(Sin valor)","1296:37:00","(Sin valor)","(Sin valor)","(Sin valor)","(Sin valor)","(Sin valor)","(Sin valor)","(Sin valor)","(Sin valor)","(Sin valor)","(Sin valor)","(Sin valor)","(Sin valor)","(Sin valor)","58957295401"
"58957740644","Orbital pool billares","Regulado","(Sin valor)","(Sin valor)","Reunión agendada (Sales MR)","Hector Steffan Camargo Rua","D2D","2026-04-08 14:40","(Sin valor)","(Sin valor)","1274:16:47","(Sin valor)","(Sin valor)","(Sin valor)","(Sin valor)","(Sin valor)","(Sin valor)","(Sin valor)","(Sin valor)","(Sin valor)","(Sin valor)","(Sin valor)","(Sin valor)","(Sin valor)","58957740644"
"58958515045","Colkannab SAS","Regulado","Bajo","11852.5","Análisis comercial (Sales MR)","Juan Pablo Blanco Lugo","Bia Network","2026-04-08 15:42","2026-05-26 11:00","2026-05-05 13:05","128:01:42","2026-06-02 10:00","1362980","5623317","1697265.51410279","649034.33259291","6986297","2346299.84669569","0","Sí","49042.48703","12","10.38160976","(Sin valor)","58958515045"
"58959766794","CARACOL TV","No regulado","Medio","18657","Análisis comercial (Sales MR)","Alexandra Murillo Fagua","ABM","2026-04-08 18:11","2026-05-29 18:00","(Sin valor)","584:51:39","(Sin valor)","2145440","7706757.86","4369475.68783527","1670887.50302821","9852197.86","6040363.19086347","5874271.99257148","No","126256","9","15.33352159","(Sin valor)","58959766794"
"58961757531","Almacén. El Baraton","Regulado","(Sin valor)","(Sin valor)","Reunión agendada (Sales MR)","Hector Steffan Camargo Rua","D2D","2026-04-08 13:05","(Sin valor)","(Sin valor)","1275:51:45","(Sin valor)","(Sin valor)","(Sin valor)","(Sin valor)","(Sin valor)","(Sin valor)","(Sin valor)","(Sin valor)","(Sin valor)","(Sin valor)","(Sin valor)","(Sin valor)","(Sin valor)","58961757531"
"58966053767","Estadero El Coloso","Regulado","(Sin valor)","(Sin valor)","Reunión agendada (Sales MR)","Hector Steffan Camargo Rua","D2D","2026-04-07 16:37","(Sin valor)","(Sin valor)","1296:19:54","(Sin valor)","(Sin valor)","(Sin valor)","(Sin valor)","(Sin valor)","(Sin valor)","(Sin valor)","(Sin valor)","(Sin valor)","(Sin valor)","(Sin valor)","(Sin valor)","(Sin valor)","58966053767"
"58966455444","Mercafama","Regulado","(Sin valor)","(Sin valor)","Reunión agendada (Sales MR)","Hector Steffan Camargo Rua","D2D","2026-04-08 17:57","(Sin valor)","(Sin valor)","1271:00:02","(Sin valor)","(Sin valor)","(Sin valor)","(Sin valor)","(Sin valor)","(Sin valor)","(Sin valor)","(Sin valor)","(Sin valor)","(Sin valor)","(Sin valor)","(Sin valor)","(Sin valor)","58966455444"
"58967136114","Tienda San Martín de Loba","Regulado","(Sin valor)","(Sin valor)","Reunión agendada (Sales MR)","Hector Steffan Camargo Rua","D2D","2026-04-07 16:21","(Sin valor)","(Sin valor)","1296:35:51","(Sin valor)","(Sin valor)","(Sin valor)","(Sin valor)","(Sin valor)","(Sin valor)","(Sin valor)","(Sin valor)","(Sin valor)","(Sin valor)","(Sin valor)","(Sin valor)","(Sin valor)","58967136114"
"58967649104","Tienda Santander","Regulado","(Sin valor)","(Sin valor)","Reunión agendada (Sales MR)","Hector Steffan Camargo Rua","D2D","2026-04-08 12:59","(Sin valor)","(Sin valor)","1275:57:25","(Sin valor)","(Sin valor)","(Sin valor)","(Sin valor)","(Sin valor)","(Sin valor)","(Sin valor)","(Sin valor)","(Sin valor)","(Sin valor)","(Sin valor)","(Sin valor)","(Sin valor)","58967649104"
"58967966781","Billares el 15","Regulado","(Sin valor)","(Sin valor)","Reunión agendada (Sales MR)","Hector Steffan Camargo Rua","D2D","2026-04-08 16:08","(Sin valor)","(Sin valor)","1272:49:02","(Sin valor)","(Sin valor)","(Sin valor)","(Sin valor)","(Sin valor)","(Sin valor)","(Sin valor)","(Sin valor)","(Sin valor)","(Sin valor)","(Sin valor)","(Sin valor)","(Sin valor)","58967966781"
"58986346603","Restaurante y estadero mi cabo","Regulado","Bajo","2415","Reunión agendada (Sales MR)","Hector Steffan Camargo Rua","D2D","2026-02-04 14:48","2026-04-30 09:07","2026-04-30 13:44","1275:12:44","(Sin valor)","277725","473558.61","546184.46097941","208860.93787853","751283.61","755045.39885793","0","Sí","15782","9","4.95214625","(Sin valor)","58986346603"
"58997369191","Restaurante el sinuano","Regulado","(Sin valor)","(Sin valor)","Reunión agendada (Sales MR)","Hector Steffan Camargo Rua","D2D","2026-04-08 13:59","(Sin valor)","(Sin valor)","1274:57:36","(Sin valor)","(Sin valor)","(Sin valor)","(Sin valor)","(Sin valor)","(Sin valor)","(Sin valor)","(Sin valor)","(Sin valor)","(Sin valor)","(Sin valor)","(Sin valor)","(Sin valor)","58997369191"
"58999096939","La sinuana tienda y estadero","Regulado","(Sin valor)","(Sin valor)","Reunión agendada (Sales MR)","Hector Steffan Camargo Rua","D2D","2026-04-08 13:59","(Sin valor)","(Sin valor)","1274:57:24","(Sin valor)","(Sin valor)","(Sin valor)","(Sin valor)","(Sin valor)","(Sin valor)","(Sin valor)","(Sin valor)","(Sin valor)","(Sin valor)","(Sin valor)","(Sin valor)","(Sin valor)","58999096939"
"59002687031","Happy y sun","Regulado","(Sin valor)","(Sin valor)","Reunión agendada (Sales MR)","Hector Steffan Camargo Rua","D2D","2026-04-08 14:32","(Sin valor)","(Sin valor)","1274:24:32","(Sin valor)","(Sin valor)","(Sin valor)","(Sin valor)","(Sin valor)","(Sin valor)","(Sin valor)","(Sin valor)","(Sin valor)","(Sin valor)","(Sin valor)","(Sin valor)","(Sin valor)","59002687031"
"59005264823","Surticalzado","Regulado","(Sin valor)","(Sin valor)","Reunión agendada (Sales MR)","Hector Steffan Camargo Rua","D2D","2026-04-08 12:53","(Sin valor)","(Sin valor)","1276:03:42","(Sin valor)","(Sin valor)","(Sin valor)","(Sin valor)","(Sin valor)","(Sin valor)","(Sin valor)","(Sin valor)","(Sin valor)","(Sin valor)","(Sin valor)","(Sin valor)","(Sin valor)","59005264823"
"59007282033","Maxipan","Regulado","(Sin valor)","(Sin valor)","Reunión agendada (Sales MR)","Hector Steffan Camargo Rua","D2D","2026-04-08 14:29","(Sin valor)","(Sin valor)","1274:28:08","(Sin valor)","(Sin valor)","(Sin valor)","(Sin valor)","(Sin valor)","(Sin valor)","(Sin valor)","(Sin valor)","(Sin valor)","(Sin valor)","(Sin valor)","(Sin valor)","(Sin valor)","59007282033"
"59007441285","Potenza Inversiones SAS","Regulado","Alto","132063","Análisis comercial (Sales MR)","Juan Pablo Blanco Lugo","Bia Network","2026-04-08 15:41","2026-05-29 11:00","2026-05-27 08:06","1158:07:49","(Sin valor)","15187245","34963677","81470982.31874026","31154503.63868628","50150922","112625485.95742655","0","No","308471.04","18","9.15","(Sin valor)","59007441285"
"59012885377","Discotk y granizados mi placita","Regulado","(Sin valor)","(Sin valor)","Reunión agendada (Sales MR)","Hector Steffan Camargo Rua","D2D","2026-04-08 13:27","(Sin valor)","(Sin valor)","1275:29:39","(Sin valor)","(Sin valor)","(Sin valor)","(Sin valor)","(Sin valor)","(Sin valor)","(Sin valor)","(Sin valor)","(Sin valor)","(Sin valor)","(Sin valor)","(Sin valor)","(Sin valor)","59012885377"
"59018165253","Sunshine Bouquet ","No regulado","Medio","(Sin valor)","Carta de intención (Sales MNR)","María Paula Pico Loaiza","KAM","2026-04-09 20:38","2026-05-31 08:00","2026-05-31 11:27","1244:19:05","2026-06-01 08:00","(Sin valor)","(Sin valor)","(Sin valor)","(Sin valor)","(Sin valor)","(Sin valor)","(Sin valor)","(Sin valor)","(Sin valor)","(Sin valor)","(Sin valor)","(Sin valor)","59018165253"
"59019291056","La Herradura campestre","Regulado","(Sin valor)","(Sin valor)","Reunión agendada (Sales MR)","Hector Steffan Camargo Rua","D2D","2026-04-09 15:46","(Sin valor)","(Sin valor)","1249:11:21","(Sin valor)","(Sin valor)","(Sin valor)","(Sin valor)","(Sin valor)","(Sin valor)","(Sin valor)","(Sin valor)","(Sin valor)","(Sin valor)","(Sin valor)","(Sin valor)","(Sin valor)","59019291056"
"59021244254","CORPORACION METROPOLITANA CLUB ","Regulado","Bajo","35545","Análisis comercial (Sales MR)","Daniela Dueñas Camacho","BDR","2026-04-09 19:37","2026-05-29 17:35","2026-06-30 17:09","1160:42:42","2026-06-03 17:00","4087675","7740000","11915567.05312338","4556512.84111438","11827675","16472079.89423776","0","Sí","344300.31","9","8.89809958","(Sin valor)","59021244254"
"59033444422","Asadero de pollo","Regulado","(Sin valor)","(Sin valor)","Reunión agendada (Sales MR)","Hector Steffan Camargo Rua","D2D","2026-04-09 14:37","(Sin valor)","(Sin valor)","1250:19:42","(Sin valor)","(Sin valor)","(Sin valor)","(Sin valor)","(Sin valor)","(Sin valor)","(Sin valor)","(Sin valor)","(Sin valor)","(Sin valor)","(Sin valor)","(Sin valor)","(Sin valor)","59033444422"
"59034946310","TECNOFAR TQ S.A.S.","No regulado","Bajo","(Sin valor)","Reunión efectiva (Sales MNR)","Alexandra Murillo Fagua","Awareness","2026-04-09 12:04","2026-05-30 08:00","2026-07-31 08:21","1108:33:11","2026-06-02 08:00","(Sin valor)","(Sin valor)","(Sin valor)","(Sin valor)","(Sin valor)","(Sin valor)","(Sin valor)","(Sin valor)","(Sin valor)","(Sin valor)","(Sin valor)","(Sin valor)","59034946310"
"59037933630","Optilens","Regulado","(Sin valor)","(Sin valor)","Reunión agendada (Sales MR)","Hector Steffan Camargo Rua","D2D","2026-04-09 13:36","(Sin valor)","(Sin valor)","1251:21:07","(Sin valor)","(Sin valor)","(Sin valor)","(Sin valor)","(Sin valor)","(Sin valor)","(Sin valor)","(Sin valor)","(Sin valor)","(Sin valor)","(Sin valor)","(Sin valor)","(Sin valor)","59037933630"
"59039644316","PONTIFICIA UNIVERSIDAD JAVERIANA","Regulado","(Sin valor)","(Sin valor)","Reunión efectiva (Sales MR)","Alexandra Murillo Fagua","Bia Network","2026-04-09 16:47","2026-05-30 08:00","(Sin valor)","817:31:57","2026-06-03 08:00","(Sin valor)","(Sin valor)","(Sin valor)","(Sin valor)","(Sin valor)","(Sin valor)","(Sin valor)","(Sin valor)","(Sin valor)","(Sin valor)","(Sin valor)","(Sin valor)","59039644316"
"59039794450","MITSUBISHI COLOMBIA LTDA","Regulado","Bajo","14723.5","Análisis comercial (Sales MR)","Sebastian Mazorra Gomez","Referrals","2026-04-09 15:57","2026-05-22 08:00","2026-06-30 09:12","1150:42:27","2026-06-01 18:00","1693145","5304772","3468489.35802042","1117489.39262848","6997917","4039794.28966949","1762428.64185388","Sí","84440","9","12.02968065","(Sin valor)","59039794450"
"59042241628","Tienda y estadero el jaguar 1","Regulado","(Sin valor)","(Sin valor)","Reunión agendada (Sales MR)","Hector Steffan Camargo Rua","D2D","2026-04-09 09:28","(Sin valor)","(Sin valor)","1255:28:38","(Sin valor)","(Sin valor)","(Sin valor)","(Sin valor)","(Sin valor)","(Sin valor)","(Sin valor)","(Sin valor)","(Sin valor)","(Sin valor)","(Sin valor)","(Sin valor)","(Sin valor)","59042241628"
"59049417537","Asados la 21","Regulado","(Sin valor)","(Sin valor)","Reunión agendada (Sales MR)","Hector Steffan Camargo Rua","D2D","2026-04-09 13:59","(Sin valor)","(Sin valor)","1250:58:18","(Sin valor)","(Sin valor)","(Sin valor)","(Sin valor)","(Sin valor)","(Sin valor)","(Sin valor)","(Sin valor)","(Sin valor)","(Sin valor)","(Sin valor)","(Sin valor)","(Sin valor)","59049417537"
"59071624300","Joyería Casa Blanca ","Regulado","Bajo","1712","Reunión agendada (Sales MR)","Juan Pablo Blanco Lugo","(Sin valor)","2026-04-10 10:02","2026-05-22 10:30","2026-06-01 07:24","1230:55:09","(Sin valor)","196880","1119537","546184.46097941","208860.93787853","1316417","755045.39885793","341986.92288789","Sí","15782","9","12.15864871","(Sin valor)","59071624300"
"59082190431","Hotel La Siesta","Regulado","(Sin valor)","(Sin valor)","Reunión agendada (Sales MR)","Hector Steffan Camargo Rua","D2D","2026-04-10 10:06","(Sin valor)","(Sin valor)","1230:50:43","(Sin valor)","(Sin valor)","(Sin valor)","(Sin valor)","(Sin valor)","(Sin valor)","(Sin valor)","(Sin valor)","(Sin valor)","(Sin valor)","(Sin valor)","(Sin valor)","(Sin valor)","59082190431"
"59084863812","Hotel Alpes d' Huez","Regulado","(Sin valor)","(Sin valor)","Reunión agendada (Sales MR)","Hector Steffan Camargo Rua","D2D","2026-04-10 10:07","(Sin valor)","(Sin valor)","1230:49:35","(Sin valor)","(Sin valor)","(Sin valor)","(Sin valor)","(Sin valor)","(Sin valor)","(Sin valor)","(Sin valor)","(Sin valor)","(Sin valor)","(Sin valor)","(Sin valor)","(Sin valor)","59084863812"
"59087047942","La Herradura campestre ","Regulado","(Sin valor)","2743.5","Reunión agendada (Sales MR)","Hector Steffan Camargo Rua","D2D","2026-04-10 11:18","(Sin valor)","(Sin valor)","1229:39:09","(Sin valor)","315445","473558.61","546184.46097941","208860.93787853","789003.61","755045.39885793","0","Sí","15782","9","4.57888636","(Sin valor)","59087047942"
"59088929609","Imperial joyas","Regulado","(Sin valor)","(Sin valor)","Reunión agendada (Sales MR)","Hector Steffan Camargo Rua","D2D","2026-04-10 09:48","2026-05-13 09:06","(Sin valor)","1231:08:35","(Sin valor)","(Sin valor)","(Sin valor)","(Sin valor)","(Sin valor)","(Sin valor)","(Sin valor)","(Sin valor)","(Sin valor)","(Sin valor)","(Sin valor)","(Sin valor)","(Sin valor)","59088929609"
"59093417596","Hotel Plaza de Angel","Regulado","(Sin valor)","(Sin valor)","Reunión agendada (Sales MR)","Hector Steffan Camargo Rua","D2D","2026-04-10 10:04","(Sin valor)","(Sin valor)","1230:52:43","(Sin valor)","(Sin valor)","(Sin valor)","(Sin valor)","(Sin valor)","(Sin valor)","(Sin valor)","(Sin valor)","(Sin valor)","(Sin valor)","(Sin valor)","(Sin valor)","(Sin valor)","59093417596"
"59135421518","Asadero de pollo cali","Regulado","Alto","(Sin valor)","Reunión efectiva (Sales MR)","Hector Steffan Camargo Rua","D2D","2026-04-12 20:58","(Sin valor)","2026-04-28 18:22","1040:32:22","(Sin valor)","(Sin valor)","(Sin valor)","(Sin valor)","(Sin valor)","(Sin valor)","(Sin valor)","(Sin valor)","Sí","(Sin valor)","(Sin valor)","(Sin valor)","(Sin valor)","59135421518"
"59147358825","Tienda el progreso","Regulado","(Sin valor)","(Sin valor)","Reunión agendada (Sales MR)","Hector Steffan Camargo Rua","D2D","2026-04-13 10:35","(Sin valor)","(Sin valor)","1158:21:48","(Sin valor)","(Sin valor)","(Sin valor)","(Sin valor)","(Sin valor)","(Sin valor)","(Sin valor)","(Sin valor)","(Sin valor)","(Sin valor)","(Sin valor)","(Sin valor)","(Sin valor)","59147358825"
"59147666083","Empanadas únicas","Regulado","(Sin valor)","(Sin valor)","Reunión agendada (Sales MR)","Hector Steffan Camargo Rua","D2D","2026-04-13 10:43","(Sin valor)","(Sin valor)","1158:13:33","(Sin valor)","(Sin valor)","(Sin valor)","(Sin valor)","(Sin valor)","(Sin valor)","(Sin valor)","(Sin valor)","(Sin valor)","(Sin valor)","(Sin valor)","(Sin valor)","(Sin valor)","59147666083"
"59147854406","Panadería santana","Regulado","(Sin valor)","(Sin valor)","Reunión agendada (Sales MR)","Hector Steffan Camargo Rua","D2D","2026-04-13 12:09","(Sin valor)","(Sin valor)","1156:47:36","(Sin valor)","(Sin valor)","(Sin valor)","(Sin valor)","(Sin valor)","(Sin valor)","(Sin valor)","(Sin valor)","(Sin valor)","(Sin valor)","(Sin valor)","(Sin valor)","(Sin valor)","59147854406"
"59148476067","Merka Fácil Cafam","Regulado","(Sin valor)","(Sin valor)","Reunión agendada (Sales MR)","Hector Steffan Camargo Rua","D2D","2026-04-13 12:55","(Sin valor)","(Sin valor)","1156:02:03","(Sin valor)","(Sin valor)","(Sin valor)","(Sin valor)","(Sin valor)","(Sin valor)","(Sin valor)","(Sin valor)","(Sin valor)","(Sin valor)","(Sin valor)","(Sin valor)","(Sin valor)","59148476067"
"59148805979","Hotel el emigrante","Regulado","(Sin valor)","(Sin valor)","Reunión agendada (Sales MR)","Hector Steffan Camargo Rua","D2D","2026-04-13 12:46","(Sin valor)","(Sin valor)","1156:11:03","(Sin valor)","(Sin valor)","(Sin valor)","(Sin valor)","(Sin valor)","(Sin valor)","(Sin valor)","(Sin valor)","(Sin valor)","(Sin valor)","(Sin valor)","(Sin valor)","(Sin valor)","59148805979"
"59149914454","Vaspollo SAS","Regulado","Bajo","7992","Reunión efectiva (Sales MR)","Juan Pablo Blanco Lugo","Performance","2026-04-13 13:34","2026-05-27 10:00","2026-05-30 07:24","417:32:50","(Sin valor)","919080","5119690","2243449.97508219","857895.27047143","6038770","3101345.24555362","1223444.77001976","Sí","64824.48703","12","15.0488776","(Sin valor)","59149914454"
"59150154755","Pescaderia y restaurante delicias del mar","Regulado","(Sin valor)","(Sin valor)","Reunión agendada (Sales MR)","Hector Steffan Camargo Rua","D2D","2026-04-13 14:22","(Sin valor)","(Sin valor)","1154:35:23","(Sin valor)","(Sin valor)","(Sin valor)","(Sin valor)","(Sin valor)","(Sin valor)","(Sin valor)","(Sin valor)","(Sin valor)","(Sin valor)","(Sin valor)","(Sin valor)","(Sin valor)","59150154755"
"59150180456","Momentos gourmet","Regulado","(Sin valor)","(Sin valor)","Reunión agendada (Sales MR)","Hector Steffan Camargo Rua","D2D","2026-04-13 14:33","(Sin valor)","(Sin valor)","1154:23:27","(Sin valor)","(Sin valor)","(Sin valor)","(Sin valor)","(Sin valor)","(Sin valor)","(Sin valor)","(Sin valor)","(Sin valor)","(Sin valor)","(Sin valor)","(Sin valor)","(Sin valor)","59150180456"
"59150417722","Panadería Marítima","Regulado","(Sin valor)","(Sin valor)","Reunión agendada (Sales MR)","Hector Steffan Camargo Rua","D2D","2026-04-13 15:07","(Sin valor)","(Sin valor)","1153:49:58","(Sin valor)","(Sin valor)","(Sin valor)","(Sin valor)","(Sin valor)","(Sin valor)","(Sin valor)","(Sin valor)","(Sin valor)","(Sin valor)","(Sin valor)","(Sin valor)","(Sin valor)","59150417722"
"59151177540","KOI KOI S.A.S.","Regulado","Bajo","4741","Análisis comercial (Sales MR)","Daniela Dueñas Camacho","Bia Network","2026-04-13 14:39","2026-05-29 09:29","2026-06-30 17:09","888:06:38","2026-06-02 17:00","545215","2239074","1092368.92195882","417721.87575705","2784289","1510090.79771587","156243.93784685","Sí","31564","12","12.71343041","(Sin valor)","59151177540"
"59156990290","Venta Directa - Autoservicios la 18","Regulado","(Sin valor)","(Sin valor)","Reunión agendada (Sales MR)","Hector Steffan Camargo Rua","(Sin valor)","2026-04-13 22:54","(Sin valor)","(Sin valor)","1146:03:00","(Sin valor)","(Sin valor)","(Sin valor)","(Sin valor)","(Sin valor)","(Sin valor)","(Sin valor)","(Sin valor)","(Sin valor)","(Sin valor)","(Sin valor)","(Sin valor)","(Sin valor)","59156990290"
"59168271140","Veterinaria puerto colombia","Regulado","(Sin valor)","(Sin valor)","Reunión agendada (Sales MR)","Hector Steffan Camargo Rua","D2D","2026-04-14 10:48","(Sin valor)","(Sin valor)","1134:08:55","(Sin valor)","(Sin valor)","(Sin valor)","(Sin valor)","(Sin valor)","(Sin valor)","(Sin valor)","(Sin valor)","(Sin valor)","(Sin valor)","(Sin valor)","(Sin valor)","(Sin valor)","59168271140"
"59168346281","Mera","Regulado","(Sin valor)","(Sin valor)","Reunión agendada (Sales MR)","Hector Steffan Camargo Rua","D2D","2026-04-14 10:48","(Sin valor)","(Sin valor)","1134:08:39","(Sin valor)","(Sin valor)","(Sin valor)","(Sin valor)","(Sin valor)","(Sin valor)","(Sin valor)","(Sin valor)","(Sin valor)","(Sin valor)","(Sin valor)","(Sin valor)","(Sin valor)","59168346281"
"59168720680","Centro de Alta Tecnología","Regulado","Bajo","21050","Análisis comercial (Sales MR)","Juan Pablo Blanco Lugo","Bia Network","2026-04-14 11:27","2026-05-27 10:00","2026-06-01 10:21","888:14:49","(Sin valor)","2420750","6935000","1151081.05312338","440173.39471438","9355750","1591254.44783776","4546029.43355191","Sí","33260.48703","6","11.67105224","(Sin valor)","59168720680"
"59168897158","PLASTICOS RAINBOW","No regulado","Bajo","43721","Análisis comercial (Sales MNR)","Alexandra Murillo Fagua","Performance","2026-04-14 11:41","2026-05-23 17:15","2026-06-30 15:12","1131:57:18","2026-06-01 18:00","2623260","7997600","11915567.05312338","4556512.84111438","10620860","16472079.89423776","17583622.39423776","Sí","344300.31","15","42.73641073","(Sin valor)","59168897158"
"59169563937","Carnes MC","Regulado","(Sin valor)","(Sin valor)","Reunión agendada (Sales MR)","Hector Steffan Camargo Rua","D2D","2026-04-14 13:53","(Sin valor)","(Sin valor)","1131:04:03","(Sin valor)","(Sin valor)","(Sin valor)","(Sin valor)","(Sin valor)","(Sin valor)","(Sin valor)","(Sin valor)","(Sin valor)","(Sin valor)","(Sin valor)","(Sin valor)","(Sin valor)","59169563937"
"59169858164","Centro comercial mi plaza los robles","Regulado","(Sin valor)","(Sin valor)","Reunión agendada (Sales MR)","Hector Steffan Camargo Rua","D2D","2026-04-14 15:31","(Sin valor)","(Sin valor)","1129:25:50","(Sin valor)","(Sin valor)","(Sin valor)","(Sin valor)","(Sin valor)","(Sin valor)","(Sin valor)","(Sin valor)","(Sin valor)","(Sin valor)","(Sin valor)","(Sin valor)","(Sin valor)","59169858164"
"59170104687","El globo","Regulado","(Sin valor)","(Sin valor)","Reunión agendada (Sales MR)","Hector Steffan Camargo Rua","D2D","2026-04-14 10:48","(Sin valor)","(Sin valor)","1134:08:45","(Sin valor)","(Sin valor)","(Sin valor)","(Sin valor)","(Sin valor)","(Sin valor)","(Sin valor)","(Sin valor)","(Sin valor)","(Sin valor)","(Sin valor)","(Sin valor)","(Sin valor)","59170104687"
"59171093774","Frutas y verduras la unión perfecta","Regulado","(Sin valor)","(Sin valor)","Reunión agendada (Sales MR)","Hector Steffan Camargo Rua","D2D","2026-04-14 13:59","(Sin valor)","(Sin valor)","1130:58:04","(Sin valor)","(Sin valor)","(Sin valor)","(Sin valor)","(Sin valor)","(Sin valor)","(Sin valor)","(Sin valor)","(Sin valor)","(Sin valor)","(Sin valor)","(Sin valor)","(Sin valor)","59171093774"
"59171276381","Prosegur","Regulado","(Sin valor)","(Sin valor)","Reunión agendada (Sales MR)","Andrés Toro García","ABM","2026-04-14 14:44","2026-05-25 15:24","(Sin valor)","1130:12:45","2026-06-01 19:00","(Sin valor)","(Sin valor)","(Sin valor)","(Sin valor)","(Sin valor)","(Sin valor)","(Sin valor)","(Sin valor)","(Sin valor)","(Sin valor)","(Sin valor)","(Sin valor)","59171276381"
"59171318932","Restaurante sabor oriental","Regulado","(Sin valor)","(Sin valor)","Reunión agendada (Sales MR)","Hector Steffan Camargo Rua","D2D","2026-04-14 14:42","(Sin valor)","(Sin valor)","1130:15:08","(Sin valor)","(Sin valor)","(Sin valor)","(Sin valor)","(Sin valor)","(Sin valor)","(Sin valor)","(Sin valor)","(Sin valor)","(Sin valor)","(Sin valor)","(Sin valor)","(Sin valor)","59171318932"
"59171407967","Carnes san martín","Regulado","(Sin valor)","(Sin valor)","Reunión agendada (Sales MR)","Hector Steffan Camargo Rua","D2D","2026-04-14 15:23","(Sin valor)","(Sin valor)","1129:33:31","(Sin valor)","(Sin valor)","(Sin valor)","(Sin valor)","(Sin valor)","(Sin valor)","(Sin valor)","(Sin valor)","(Sin valor)","(Sin valor)","(Sin valor)","(Sin valor)","(Sin valor)","59171407967"
"59171694893","Servimagro FRONTERAS MR","Regulado","Bajo","598586","Reunión efectiva (Sales MR)","Simón Hernández Medina","KAM","2026-04-14 14:39","2026-05-28 14:45","2026-05-31 09:33","409:35:07","(Sin valor)","68837390","15538476.81000001","64920222.5343485","24825493.09713486","84375866.81","89745715.63148336","0","No","1875869.83013","9","6.66957675","(Sin valor)","59171694893"
"59173396131","Granero las brisas","Regulado","(Sin valor)","(Sin valor)","Reunión agendada (Sales MR)","Hector Steffan Camargo Rua","D2D","2026-04-14 15:25","(Sin valor)","(Sin valor)","1129:32:03","(Sin valor)","(Sin valor)","(Sin valor)","(Sin valor)","(Sin valor)","(Sin valor)","(Sin valor)","(Sin valor)","(Sin valor)","(Sin valor)","(Sin valor)","(Sin valor)","(Sin valor)","59173396131"
"59185275433","SERVIECOLÓGICO","Regulado","Bajo","37240","Documentos para firma (Sales MR)","Alexandra Murillo Fagua","Performance","2026-04-16 13:57","2026-05-27 17:30","2026-05-31 08:09","584:40:51","2026-05-31 17:30","4282600","1625710.14","11915567.05312338","4556512.84111438","5908310.14","16472079.89423776","0","No","344300.31","15","13.44599477","(Sin valor)","59185275433"
"59185340285","MULTIPLIKA SAS ","No regulado","Medio","(Sin valor)","Carta de intención (Sales MNR)","Alexandra Murillo Fagua","KAM","2026-04-16 16:56","2026-05-26 09:32","2026-06-30 16:56","632:34:46","2026-06-01 18:00","(Sin valor)","(Sin valor)","(Sin valor)","(Sin valor)","(Sin valor)","(Sin valor)","(Sin valor)","No","(Sin valor)","(Sin valor)","(Sin valor)","(Sin valor)","59185340285"
"59186282404","HUNTER DOUGLAS DE COLOMBIA S.A.S ","No regulado","Bajo","(Sin valor)","Análisis comercial (Sales MNR)","Alexandra Murillo Fagua","KAM","2026-04-16 17:18","2026-05-27 18:00","2026-06-30 10:20","632:07:21","2026-05-31 18:00","(Sin valor)","(Sin valor)","(Sin valor)","(Sin valor)","(Sin valor)","(Sin valor)","(Sin valor)","Sí","(Sin valor)","(Sin valor)","(Sin valor)","(Sin valor)","59186282404"
"59196120457","Dollar king","Regulado","(Sin valor)","(Sin valor)","Reunión agendada (Sales MR)","Hector Steffan Camargo Rua","D2D","2026-04-15 09:10","(Sin valor)","(Sin valor)","1111:47:01","(Sin valor)","(Sin valor)","(Sin valor)","(Sin valor)","(Sin valor)","(Sin valor)","(Sin valor)","(Sin valor)","(Sin valor)","(Sin valor)","(Sin valor)","(Sin valor)","(Sin valor)","59196120457"
"59216799605","Instituto Cancerológico de Nariño","Regulado","(Sin valor)","15893","Análisis comercial (Sales MR)","Andrés Toro García","Bia Network","2026-04-16 10:27","2026-05-29 19:00","(Sin valor)","128:29:35","(Sin valor)","1827695","5142675","16904357.05312338","6464226.13711438","6970370","23368583.19023776","0","Sí","488451.39705","9","6.24315792","(Sin valor)","59216799605"
"59217882693","EDIFICIO VIZION","Regulado","Bajo","4500","Análisis comercial (Sales MR)","Juan Pablo Blanco Lugo","Bia Network","2026-04-16 10:32","2026-05-27 10:00","2026-05-29 13:17","579:39:34","(Sin valor)","517500","2981737","1151081.05312338","440173.39471438","3499237","1591254.44783776","0","Sí","33260.48703","15","13.69525561","(Sin valor)","59217882693"
"59217882762","CENTRO COMERCIAL LLANOCENTRO","Regulado","Bajo","13280","Reunión efectiva (Sales MR)","Juan Pablo Blanco Lugo","Bia Network","2026-04-16 10:35","2026-05-28 10:00","2026-05-30 07:24","98:42:52","(Sin valor)","1527200","2981737","1151081.05312338","440173.39471438","4508937","1591254.44783776","0","Sí","33260.48703","9","5.97978254","(Sin valor)","59217882762"
"59219164741","UNIVERSIDAD COOPERATIVA DE COLOMBIA","Regulado","Bajo","26016","Reunión agendada (Sales MR)","Andrés Toro García","Bia Network","2026-04-16 10:26","2026-05-18 08:00","2026-05-29 09:43","1086:31:20","(Sin valor)","2991840","5142675","16904357.05312338","6464226.13711438","8134515","23368583.19023776","0","Sí","488451.39705","9","4.45087618","(Sin valor)","59219164741"
"59220313766","Carnicería alivio","Regulado","(Sin valor)","(Sin valor)","Reunión agendada (Sales MR)","Hector Steffan Camargo Rua","D2D","2026-04-15 13:45","(Sin valor)","(Sin valor)","1107:12:18","(Sin valor)","(Sin valor)","(Sin valor)","(Sin valor)","(Sin valor)","(Sin valor)","(Sin valor)","(Sin valor)","(Sin valor)","(Sin valor)","(Sin valor)","(Sin valor)","(Sin valor)","59220313766"
"59223044388","Venta Directa - Laser plast","Regulado","(Sin valor)","(Sin valor)","Reunión agendada (Sales MR)","Hector Steffan Camargo Rua","(Sin valor)","2026-04-16 22:57","(Sin valor)","(Sin valor)","1073:59:51","(Sin valor)","(Sin valor)","(Sin valor)","(Sin valor)","(Sin valor)","(Sin valor)","(Sin valor)","(Sin valor)","(Sin valor)","(Sin valor)","(Sin valor)","(Sin valor)","(Sin valor)","59223044388"
"59223077890","Palermo","Regulado","(Sin valor)","(Sin valor)","Reunión agendada (Sales MR)","Hector Steffan Camargo Rua","D2D","2026-04-15 09:53","(Sin valor)","(Sin valor)","1111:04:13","(Sin valor)","(Sin valor)","(Sin valor)","(Sin valor)","(Sin valor)","(Sin valor)","(Sin valor)","(Sin valor)","(Sin valor)","(Sin valor)","(Sin valor)","(Sin valor)","(Sin valor)","59223077890"
"59223871286","Restaurante Simón plaza","Regulado","(Sin valor)","(Sin valor)","Reunión agendada (Sales MR)","Hector Steffan Camargo Rua","D2D","2026-04-15 14:59","(Sin valor)","(Sin valor)","1105:57:39","(Sin valor)","(Sin valor)","(Sin valor)","(Sin valor)","(Sin valor)","(Sin valor)","(Sin valor)","(Sin valor)","(Sin valor)","(Sin valor)","(Sin valor)","(Sin valor)","(Sin valor)","59223871286"
"59225129820","Preflex S A ","No regulado","Medio","(Sin valor)","Reunión efectiva (Sales MNR)","Alexandra Murillo Fagua","KAM","2026-04-16 17:06","2026-05-22 17:30","2026-05-31 08:48","628:05:36","2026-06-01 18:00","(Sin valor)","(Sin valor)","(Sin valor)","(Sin valor)","(Sin valor)","(Sin valor)","(Sin valor)","(Sin valor)","(Sin valor)","(Sin valor)","(Sin valor)","(Sin valor)","59225129820"
"59225129994","CEA Compañia Envasadora del Atlántico ","No regulado","Bajo","(Sin valor)","Análisis comercial (Sales MNR)","Alexandra Murillo Fagua","KAM","2026-04-16 17:13","2026-05-29 16:00","2026-07-31 10:34","234:20:34","2026-06-02 16:00","(Sin valor)","(Sin valor)","(Sin valor)","(Sin valor)","(Sin valor)","(Sin valor)","(Sin valor)","No","(Sin valor)","(Sin valor)","(Sin valor)","(Sin valor)","59225129994"
"59228338345","Rematon","Regulado","(Sin valor)","(Sin valor)","Reunión agendada (Sales MR)","Hector Steffan Camargo Rua","D2D","2026-04-15 09:58","(Sin valor)","(Sin valor)","1110:58:51","(Sin valor)","(Sin valor)","(Sin valor)","(Sin valor)","(Sin valor)","(Sin valor)","(Sin valor)","(Sin valor)","(Sin valor)","(Sin valor)","(Sin valor)","(Sin valor)","(Sin valor)","59228338345"
"59228647489","Cn Gomez navarro","Regulado","(Sin valor)","(Sin valor)","Reunión agendada (Sales MR)","Hector Steffan Camargo Rua","D2D","2026-04-15 09:44","(Sin valor)","(Sin valor)","1111:13:17","(Sin valor)","(Sin valor)","(Sin valor)","(Sin valor)","(Sin valor)","(Sin valor)","(Sin valor)","(Sin valor)","(Sin valor)","(Sin valor)","(Sin valor)","(Sin valor)","(Sin valor)","59228647489"
"59228975175","Panadería","Regulado","(Sin valor)","(Sin valor)","Reunión agendada (Sales MR)","Hector Steffan Camargo Rua","D2D","2026-04-15 14:58","(Sin valor)","(Sin valor)","1105:59:18","(Sin valor)","(Sin valor)","(Sin valor)","(Sin valor)","(Sin valor)","(Sin valor)","(Sin valor)","(Sin valor)","(Sin valor)","(Sin valor)","(Sin valor)","(Sin valor)","(Sin valor)","59228975175"
"59229579408","Tropical centro","Regulado","Alto","8280","Reunión agendada (Sales MR)","Hector Steffan Camargo Rua","D2D","2026-04-15 10:28","(Sin valor)","2026-05-16 06:48","1110:29:14","(Sin valor)","952200","1271444","737567.05312338","282045.64111438","2223644","1019612.69423776","0","Sí","21312","9","4.24649397","(Sin valor)","59229579408"
"59231470992","Restaurante el Libertador","Regulado","(Sin valor)","(Sin valor)","Reunión agendada (Sales MR)","Hector Steffan Camargo Rua","D2D","2026-04-15 15:01","(Sin valor)","(Sin valor)","1105:55:34","(Sin valor)","(Sin valor)","(Sin valor)","(Sin valor)","(Sin valor)","(Sin valor)","(Sin valor)","(Sin valor)","(Sin valor)","(Sin valor)","(Sin valor)","(Sin valor)","(Sin valor)","59231470992"
"59234017832","Tienda Ba","Regulado","(Sin valor)","(Sin valor)","Reunión agendada (Sales MR)","Hector Steffan Camargo Rua","D2D","2026-04-16 13:25","2026-04-27 09:11","(Sin valor)","1083:31:44","(Sin valor)","(Sin valor)","(Sin valor)","(Sin valor)","(Sin valor)","(Sin valor)","(Sin valor)","(Sin valor)","(Sin valor)","(Sin valor)","(Sin valor)","(Sin valor)","(Sin valor)","59234017832"
"59234251316","Frutería el ahijado","Regulado","(Sin valor)","(Sin valor)","Reunión agendada (Sales MR)","Hector Steffan Camargo Rua","D2D","2026-04-15 13:48","(Sin valor)","(Sin valor)","1107:09:14","(Sin valor)","(Sin valor)","(Sin valor)","(Sin valor)","(Sin valor)","(Sin valor)","(Sin valor)","(Sin valor)","(Sin valor)","(Sin valor)","(Sin valor)","(Sin valor)","(Sin valor)","59234251316"
"59235291207","Sancochos y asados la 84","Regulado","(Sin valor)","(Sin valor)","Reunión agendada (Sales MR)","Hector Steffan Camargo Rua","D2D","2026-04-16 13:32","(Sin valor)","(Sin valor)","1083:25:15","(Sin valor)","(Sin valor)","(Sin valor)","(Sin valor)","(Sin valor)","(Sin valor)","(Sin valor)","(Sin valor)","(Sin valor)","(Sin valor)","(Sin valor)","(Sin valor)","(Sin valor)","59235291207"
"59235959455","Rapucarpas","Regulado","(Sin valor)","(Sin valor)","Reunión agendada (Sales MR)","Hector Steffan Camargo Rua","D2D","2026-04-15 14:56","(Sin valor)","(Sin valor)","1106:00:31","(Sin valor)","(Sin valor)","(Sin valor)","(Sin valor)","(Sin valor)","(Sin valor)","(Sin valor)","(Sin valor)","(Sin valor)","(Sin valor)","(Sin valor)","(Sin valor)","(Sin valor)","59235959455"
"59237278303","MARKETMEDIOS COMUNICACIONES S.A.S","Regulado","Alto","5220","Documentos para firma (Sales MR)","Daniela Dueñas Camacho","Referido interno","2026-04-16 09:20","2026-05-29 17:00","2026-06-30 17:09","440:43:27","2026-06-03 17:00","600300","1410000","1092368.92195882","417721.87575705","2010300","1510090.79771587","817580.69563615","Sí","31564","6","10.1128572","(Sin valor)","59237278303"
"59240006060","PROPPER GROUP SAS","Regulado","Bajo","3272.5","Análisis comercial (Sales MR)","Daniela Dueñas Camacho","Awareness","2026-04-15 21:32","2026-05-25 09:09","2026-06-30 17:09","1061:28:37","2026-06-01 17:00","376280","705000","546184.46097941","208860.93787853","1081280","755045.39885793","0","Sí","15782","9","8.67777489","(Sin valor)","59240006060"
"59243445655","Lavandería costamatic","Regulado","(Sin valor)","(Sin valor)","Reunión agendada (Sales MR)","Juan José García Dangond","D2D","2026-04-17 12:03","(Sin valor)","(Sin valor)","1060:54:21","(Sin valor)","(Sin valor)","(Sin valor)","(Sin valor)","(Sin valor)","(Sin valor)","(Sin valor)","(Sin valor)","(Sin valor)","(Sin valor)","(Sin valor)","(Sin valor)","(Sin valor)","59243445655"
"59245496382","Hard fit","Regulado","(Sin valor)","(Sin valor)","Reunión agendada (Sales MR)","Hector Steffan Camargo Rua","D2D","2026-04-15 15:00","(Sin valor)","(Sin valor)","1105:56:31","(Sin valor)","(Sin valor)","(Sin valor)","(Sin valor)","(Sin valor)","(Sin valor)","(Sin valor)","(Sin valor)","(Sin valor)","(Sin valor)","(Sin valor)","(Sin valor)","(Sin valor)","59245496382"
"59247022337","LORA ARROYO MARIA VICTORIA","Regulado","(Sin valor)","(Sin valor)","Reunión agendada (Sales MR)","Juan José García Dangond","D2D","2026-04-17 08:04","(Sin valor)","(Sin valor)","1064:52:45","(Sin valor)","(Sin valor)","(Sin valor)","(Sin valor)","(Sin valor)","(Sin valor)","(Sin valor)","(Sin valor)","(Sin valor)","(Sin valor)","(Sin valor)","(Sin valor)","(Sin valor)","59247022337"
"59249016714","Movistar Arena","Regulado","Bajo","156318","Análisis comercial (Sales MR)","Daniela Dueñas Camacho","ABM","2026-04-17 11:55","2026-05-29 17:00","2026-06-30 09:00","801:51:13","2026-06-03 17:00","17976570","7740000","15560567.05312338","5950360.84111438","25716570","21510927.89423776","11510353.02459251","No","449622.585","6","7.93358451","(Sin valor)","59249016714"
"59268314445","Restaurante san Nicolás","Regulado","(Sin valor)","(Sin valor)","Reunión agendada (Sales MR)","Juan José García Dangond","D2D","2026-04-17 11:24","2026-04-29 09:04","(Sin valor)","1061:33:00","(Sin valor)","(Sin valor)","(Sin valor)","(Sin valor)","(Sin valor)","(Sin valor)","(Sin valor)","(Sin valor)","(Sin valor)","(Sin valor)","(Sin valor)","(Sin valor)","(Sin valor)","59268314445"
"59272816792","Telares medellín","Regulado","(Sin valor)","(Sin valor)","Reunión agendada (Sales MR)","Juan José García Dangond","D2D","2026-04-17 09:56","2026-04-27 09:13","(Sin valor)","1063:00:43","(Sin valor)","(Sin valor)","(Sin valor)","(Sin valor)","(Sin valor)","(Sin valor)","(Sin valor)","(Sin valor)","(Sin valor)","(Sin valor)","(Sin valor)","(Sin valor)","(Sin valor)","59272816792"
"59280261695","Bar Tierra Paisa","Regulado","(Sin valor)","(Sin valor)","Reunión agendada (Sales MR)","Juan José García Dangond","D2D","2026-04-17 12:23","(Sin valor)","(Sin valor)","1060:34:08","(Sin valor)","(Sin valor)","(Sin valor)","(Sin valor)","(Sin valor)","(Sin valor)","(Sin valor)","(Sin valor)","(Sin valor)","(Sin valor)","(Sin valor)","(Sin valor)","(Sin valor)","59280261695"
"59289121060","RS Imports","Regulado","(Sin valor)","(Sin valor)","Reunión agendada (Sales MR)","Juan José García Dangond","D2D","2026-04-17 12:05","(Sin valor)","(Sin valor)","1060:52:07","(Sin valor)","(Sin valor)","(Sin valor)","(Sin valor)","(Sin valor)","(Sin valor)","(Sin valor)","(Sin valor)","(Sin valor)","(Sin valor)","(Sin valor)","(Sin valor)","(Sin valor)","59289121060"
"59296664956","Taberna","Regulado","(Sin valor)","(Sin valor)","Reunión agendada (Sales MR)","Juan José García Dangond","D2D","2026-04-17 12:07","(Sin valor)","(Sin valor)","1060:49:56","(Sin valor)","(Sin valor)","(Sin valor)","(Sin valor)","(Sin valor)","(Sin valor)","(Sin valor)","(Sin valor)","(Sin valor)","(Sin valor)","(Sin valor)","(Sin valor)","(Sin valor)","59296664956"
"59305872751","Venta Directa - Ricarena restaurante","Regulado","(Sin valor)","(Sin valor)","Reunión agendada (Sales MR)","Hector Steffan Camargo Rua","D2D","2026-04-17 12:44","(Sin valor)","(Sin valor)","1060:12:54","(Sin valor)","(Sin valor)","(Sin valor)","(Sin valor)","(Sin valor)","(Sin valor)","(Sin valor)","(Sin valor)","(Sin valor)","(Sin valor)","(Sin valor)","(Sin valor)","(Sin valor)","59305872751"
"59309285439","FONDO DE EMPLEADOS DE DRUMMOND","Regulado","Bajo","2331.5","Análisis comercial (Sales MR)","Daniela Dueñas Camacho","Bia Network","2026-04-17 16:29","2026-05-22 17:00","2026-06-30 17:09","801:10:11","2026-06-01 17:00","268065","1347139","546184.46097941","208860.93787853","1615204","755045.39885793","0","Sí","15782","18","15.00042285","(Sin valor)","59309285439"
"59314797124","Restaurante Bora bora beach","Regulado","Alto","1582.5","Documentos para firma (Sales MR)","Hector Steffan Camargo Rua","D2D","2026-04-17 21:36","(Sin valor)","2026-04-28 18:32","983:17:09","(Sin valor)","181930","1432410","546184.46097941","208860.93787853","1614340","755045.39885793","413757.14798181","Sí","15782","12","16.1355628","(Sin valor)","59314797124"
"59316118842","Juan Valdez Café","Regulado","Bajo","202433.5","Reunión agendada (Sales MR)","Andrés Toro García","Bia Network","2026-04-19 16:55","2026-05-18 09:10","2026-05-30 22:57","1008:02:02","(Sin valor)","23278645","24719507.19000001","26775755.70479321","10239048.98151292","47998152.18999998","37014804.68630614","0","No","773685.46109","9","6.78568445","(Sin valor)","59316118842"
"59342610322","Restaurante Bora bora beach","Regulado","(Sin valor)","(Sin valor)","Reunión agendada (Sales MR)","Juan José García Dangond","D2D","2026-04-17 21:21","(Sin valor)","(Sin valor)","1051:35:26","(Sin valor)","(Sin valor)","(Sin valor)","(Sin valor)","(Sin valor)","(Sin valor)","(Sin valor)","(Sin valor)","(Sin valor)","(Sin valor)","(Sin valor)","(Sin valor)","(Sin valor)","59342610322"
"59367411723","Centro comercial Metrocentro","Regulado","Alto","24760.5","Documentos para firma (Sales MR)","Juan Pablo Blanco Lugo","D2D","2026-04-20 11:24","2026-05-29 11:55","2026-05-29 17:37","771:27:27","2026-06-02 08:00","2847400","6472679","16904357.05312338","6464226.13711438","9320079","23368583.19023776","4598020.72009874","No","488451.39705","18","20.94633261","(Sin valor)","59367411723"
"59368842056","Distribuciones y carnicería Mary","Regulado","(Sin valor)","(Sin valor)","Reunión agendada (Sales MR)","Juan José García Dangond","D2D","2026-04-20 15:20","(Sin valor)","(Sin valor)","985:37:13","(Sin valor)","(Sin valor)","(Sin valor)","(Sin valor)","(Sin valor)","(Sin valor)","(Sin valor)","(Sin valor)","(Sin valor)","(Sin valor)","(Sin valor)","(Sin valor)","(Sin valor)","59368842056"
"59369355652","SOLIDGROUP LOGISTICA INTEGRAL S.A.S.","Regulado","Bajo","7976.5","Análisis comercial (Sales MR)","Andrés Toro García","Awareness","2026-04-16 09:07","2026-05-25 19:00","2026-05-15 07:44","817:27:46","(Sin valor)","917240","3409224","1697265.51410279","649034.33259291","4326464","2346299.84669569","0","Sí","49042.48703","18","14.92049771","(Sin valor)","59369355652"
"59369399621","COOPERATIVA MULTIACTIVA SERVIUNIDOS TESALIA EN LIQUIDACION ","Regulado","Bajo","(Sin valor)","Reunión agendada (Sales MR)","Juan Pablo Blanco Lugo","Performance","2026-04-20 09:44","2026-05-27 10:02","2026-06-30 07:23","991:12:33","(Sin valor)","(Sin valor)","(Sin valor)","(Sin valor)","(Sin valor)","(Sin valor)","(Sin valor)","(Sin valor)","(Sin valor)","(Sin valor)","(Sin valor)","(Sin valor)","(Sin valor)","59369399621"
"59369407109","Edicio Centro Comercial las Americas propiedad horizontal ","Regulado","Bajo","2119","Reunión efectiva (Sales MR)","Juan Pablo Blanco Lugo","Performance","2026-04-20 12:13","2026-05-27 10:00","2026-05-30 07:30","920:43:42","(Sin valor)","243570","4011804","2243449.97508219","857895.27047143","4255374","3101345.24555362","2300855.75446695","Sí","64824.48703","15","32.65797602","(Sin valor)","59369407109"
"59369977199","Upselling- VÍA 40 EXPRESS S.A.S","Regulado","Alto","61087.5","Reunión agendada (Sales MR)","Jerenny Durango","Upselling Inbound","2026-04-20 18:27","2026-05-18 09:14","2026-04-30 18:48","982:30:09","(Sin valor)","7025005","4344160.44","6125453.33310261","2342373.35457844","11369165.44","8467826.68768105","0","Sí","176994.97406","6","4.67263711","(Sin valor)","59369977199"
"59373009941","La esquinita casino","Regulado","(Sin valor)","(Sin valor)","Reunión agendada (Sales MR)","Juan José García Dangond","D2D","2026-04-21 12:43","(Sin valor)","(Sin valor)","964:13:36","(Sin valor)","(Sin valor)","(Sin valor)","(Sin valor)","(Sin valor)","(Sin valor)","(Sin valor)","(Sin valor)","(Sin valor)","(Sin valor)","(Sin valor)","(Sin valor)","(Sin valor)","59373009941"
"59374831881","INDUSTRIA AMBIETAL SAS","No regulado","Medio","203211","Carta de intención (Sales MNR)","Alexandra Murillo Fagua","Partnerships","2026-04-21 14:40","2026-05-27 10:16","2026-05-31 08:47","655:05:18","2026-06-01 18:00","(Sin valor)","(Sin valor)","(Sin valor)","(Sin valor)","(Sin valor)","(Sin valor)","(Sin valor)","No","(Sin valor)","(Sin valor)","(Sin valor)","(Sin valor)","59374831881"
"59375824199","TIGOF Y CIA INGENIEROS CONTRATISTAS S.A.S.","Regulado","Bajo","18495","Análisis comercial (Sales MR)","Daniela Dueñas Camacho","Awareness","2026-04-20 16:22","2026-05-19 17:00","2026-06-30 17:09","801:51:25","2026-06-01 17:00","2126925","8579040","11915567.05312338","4556512.84111438","10705965","16472079.89423776","0","Sí","344300.31","9","8.40873803","(Sin valor)","59375824199"
"59376394810","Alcatraz","Regulado","(Sin valor)","(Sin valor)","Reunión agendada (Sales MR)","Juan José García Dangond","D2D","2026-04-20 09:11","2026-04-29 09:14","(Sin valor)","991:46:11","(Sin valor)","(Sin valor)","(Sin valor)","(Sin valor)","(Sin valor)","(Sin valor)","(Sin valor)","(Sin valor)","(Sin valor)","(Sin valor)","(Sin valor)","(Sin valor)","(Sin valor)","59376394810"
"59376883504","Tienda calima","Regulado","(Sin valor)","(Sin valor)","Reunión agendada (Sales MR)","Juan José García Dangond","D2D","2026-04-21 10:08","(Sin valor)","(Sin valor)","966:49:14","(Sin valor)","(Sin valor)","(Sin valor)","(Sin valor)","(Sin valor)","(Sin valor)","(Sin valor)","(Sin valor)","(Sin valor)","(Sin valor)","(Sin valor)","(Sin valor)","(Sin valor)","59376883504"
"59377100936","SEGURIDAD DISSEL LTDA.","Regulado","Bajo","6152.5","Reunión efectiva (Sales MR)","Andrés Toro García","Awareness","2026-04-20 16:54","2026-05-21 16:20","2026-06-01 15:45","239:51:59","(Sin valor)","707480","5744431","1151081.05312338","440173.39471438","6451911","1591254.44783776","273838.11384158","Sí","33260.48703","18","18.79783553","(Sin valor)","59377100936"
"59377245337","Upselling - FRISBY S.A BIC","Regulado","Bajo","(Sin valor)","Reunión agendada (Sales MR)","Juan Pablo Blanco Lugo","Upselling Inbound","2026-04-20 13:35","2026-05-20 09:45","2026-06-12 07:12","987:21:28","(Sin valor)","(Sin valor)","(Sin valor)","(Sin valor)","(Sin valor)","(Sin valor)","(Sin valor)","(Sin valor)","(Sin valor)","(Sin valor)","(Sin valor)","(Sin valor)","(Sin valor)","59377245337"
"59377807385","Panadería Mary","Regulado","(Sin valor)","(Sin valor)","Reunión agendada (Sales MR)","Juan José García Dangond","D2D","2026-04-21 10:54","(Sin valor)","(Sin valor)","966:03:12","(Sin valor)","(Sin valor)","(Sin valor)","(Sin valor)","(Sin valor)","(Sin valor)","(Sin valor)","(Sin valor)","(Sin valor)","(Sin valor)","(Sin valor)","(Sin valor)","(Sin valor)","59377807385"
"59378963566","Hotel Colonial Inn","Regulado","Medio","(Sin valor)","Reunión agendada (Sales MR)","Juan José García Dangond","D2D","2026-04-20 13:40","(Sin valor)","2026-04-28 09:25","987:17:00","(Sin valor)","(Sin valor)","(Sin valor)","(Sin valor)","(Sin valor)","(Sin valor)","(Sin valor)","(Sin valor)","Sí","(Sin valor)","(Sin valor)","(Sin valor)","(Sin valor)","59378963566"
"59379111567","Venta Directa - Districarnes LK","Regulado","(Sin valor)","(Sin valor)","Reunión agendada (Sales MR)","Hector Steffan Camargo Rua","D2D","2026-04-20 11:38","(Sin valor)","(Sin valor)","989:19:10","(Sin valor)","(Sin valor)","(Sin valor)","(Sin valor)","(Sin valor)","(Sin valor)","(Sin valor)","(Sin valor)","(Sin valor)","(Sin valor)","(Sin valor)","(Sin valor)","(Sin valor)","59379111567"
"59380619318","Hotel Granada Inn","Regulado","Medio","13089.5","Documentos para firma (Sales MR)","Juan José García Dangond","D2D","2026-04-20 13:36","2026-05-06 09:04","2026-04-27 09:54","823:01:57","(Sin valor)","1505235","947117.22","1092368.92195882","0","2452352.22","1510090.79771587","0","Sí","31564","8","2.86279267","(Sin valor)","59380619318"
"59382050641","Joyería Giovanni","Regulado","(Sin valor)","(Sin valor)","Reunión agendada (Sales MR)","Juan José García Dangond","D2D","2026-04-20 18:17","(Sin valor)","(Sin valor)","982:40:01","(Sin valor)","(Sin valor)","(Sin valor)","(Sin valor)","(Sin valor)","(Sin valor)","(Sin valor)","(Sin valor)","(Sin valor)","(Sin valor)","(Sin valor)","(Sin valor)","(Sin valor)","59382050641"
"59388801042","INMOBILIARIA SAN FERNANDO PLAZA S.A.S","Regulado","Bajo","84700","Análisis comercial (Sales MR)","Daniela Dueñas Camacho","Awareness","2026-04-20 10:06","2026-05-22 17:09","2026-06-30 17:09","960:43:06","2026-06-01 17:00","9740500","42957342","10359729.4781104","3961560.55242942","52697842","14321290.03053981","15560504.10074725","Sí","299344.38327","12","17.02798692","(Sin valor)","59388801042"
"59389875774","DISEÑOS Y DECORACIONES EN MADERA VIMAR S.A.S","Regulado","Bajo","3300.5","Reunión efectiva (Sales MR)","Juan Pablo Blanco Lugo","Awareness","2026-04-21 14:50","2026-05-29 19:00","2026-06-13 07:11","52:35:10","2026-06-01 19:00","379500","969960","546184.46097941","208860.93787853","1349460","755045.39885793","219645.69761768","Sí","15782","9","10.74967804","(Sin valor)","59389875774"
"59389877044","Mi tiendecita los recuerdos de ella","Regulado","(Sin valor)","(Sin valor)","Reunión agendada (Sales MR)","Juan José García Dangond","D2D","2026-04-20 09:12","2026-04-29 09:08","(Sin valor)","991:44:36","(Sin valor)","(Sin valor)","(Sin valor)","(Sin valor)","(Sin valor)","(Sin valor)","(Sin valor)","(Sin valor)","(Sin valor)","(Sin valor)","(Sin valor)","(Sin valor)","(Sin valor)","59389877044"
"59390767999","Soluciones creativas cencys","Regulado","(Sin valor)","(Sin valor)","Reunión agendada (Sales MR)","Juan José García Dangond","D2D","2026-04-21 10:14","(Sin valor)","(Sin valor)","966:42:59","(Sin valor)","(Sin valor)","(Sin valor)","(Sin valor)","(Sin valor)","(Sin valor)","(Sin valor)","(Sin valor)","(Sin valor)","(Sin valor)","(Sin valor)","(Sin valor)","(Sin valor)","59390767999"
"59415415717","SOUTH AMERICA SOFTWARE COMPANY S.A.S","Regulado","Bajo","3300.5","Reunión efectiva (Sales MR)","Juan Pablo Blanco Lugo","Performance","2026-04-21 15:19","2026-05-27 10:00","2026-05-26 06:16","605:04:53","(Sin valor)","379500","2641580","546184.46097941","208860.93787853","3021080","755045.39885793","772616.26310118","Sí","15782","12","16.12343548","(Sin valor)","59415415717"
"59416203179","AHMAD SHAYEB ASOCIADOS LIMITADA","Regulado","Bajo","12240","Reunión agendada (Sales MR)","Andrés Toro García","Bia Network","2026-04-21 16:23","2026-05-20 09:08","(Sin valor)","960:34:16","(Sin valor)","1407600","3801709","737567.05312338","282045.64111438","5209309","1019612.69423776","0","Sí","21312","9","6.05833206","(Sin valor)","59416203179"
"59417598522","Abastos la clave","Regulado","(Sin valor)","(Sin valor)","Reunión agendada (Sales MR)","Juan José García Dangond","D2D","2026-04-22 10:30","(Sin valor)","(Sin valor)","942:26:25","(Sin valor)","(Sin valor)","(Sin valor)","(Sin valor)","(Sin valor)","(Sin valor)","(Sin valor)","(Sin valor)","(Sin valor)","(Sin valor)","(Sin valor)","(Sin valor)","(Sin valor)","59417598522"
"59418721826","COMCOMBUSTIBLE SAS","Regulado","(Sin valor)","(Sin valor)","Reunión agendada (Sales MR)","Alejandro Sánchez Jiménez","KAM","2026-04-22 15:23","2026-05-22 15:44","(Sin valor)","937:34:05","(Sin valor)","299115","1185533.35","(Sin valor)","208860.93787853","1484648.35","(Sin valor)","0","No","15782","18","11.23441695","(Sin valor)","59418721826"
"59419221508","PRODUCTOS QUIMICOS DE COLOMBIA PROQUIMICOS S.A.S. ","Regulado","Bajo","(Sin valor)","Reunión agendada (Sales MR)","Juan Pablo Blanco Lugo","Bia Network","2026-04-22 17:49","2026-05-27 10:00","2026-05-30 07:08","935:07:43","(Sin valor)","(Sin valor)","(Sin valor)","(Sin valor)","(Sin valor)","(Sin valor)","(Sin valor)","(Sin valor)","(Sin valor)","(Sin valor)","(Sin valor)","(Sin valor)","(Sin valor)","59419221508"
"59422148922","TODO RAPIDAS DISTRIBUCIONES S.A","Regulado","Medio","21182.5","Análisis comercial (Sales MR)","Sebastian Mazorra Gomez","Bia Network","2026-04-21 16:15","2026-05-25 09:27","2026-05-30 10:04","944:04:11","2026-06-03 18:00","2435930","4662850","1697265.51410279","649034.33259291","7098780","2346299.84669569","688148.86917596","Sí","49042.48703","6","6.64406969","(Sin valor)","59422148922"
"59428583823","Hotel y suites sorrento","Regulado","(Sin valor)","(Sin valor)","Reunión agendada (Sales MR)","Juan José García Dangond","D2D","2026-04-22 09:55","(Sin valor)","(Sin valor)","943:02:21","(Sin valor)","(Sin valor)","(Sin valor)","(Sin valor)","(Sin valor)","(Sin valor)","(Sin valor)","(Sin valor)","(Sin valor)","(Sin valor)","(Sin valor)","(Sin valor)","(Sin valor)","59428583823"
"59434520948","MANUFACTURAS TEXTILES BRK","Regulado","(Sin valor)","(Sin valor)","Reunión efectiva (Sales MR)","Andrés Toro García","ABM","2026-04-21 16:26","2026-05-18 03:00","2026-05-30 07:49","747:44:37","(Sin valor)","(Sin valor)","(Sin valor)","(Sin valor)","(Sin valor)","(Sin valor)","(Sin valor)","(Sin valor)","(Sin valor)","(Sin valor)","(Sin valor)","(Sin valor)","(Sin valor)","59434520948"
"59436384290","Variedades la 14","Regulado","(Sin valor)","(Sin valor)","Reunión agendada (Sales MR)","Juan José García Dangond","D2D","2026-04-21 16:38","(Sin valor)","(Sin valor)","960:18:35","(Sin valor)","(Sin valor)","(Sin valor)","(Sin valor)","(Sin valor)","(Sin valor)","(Sin valor)","(Sin valor)","(Sin valor)","(Sin valor)","(Sin valor)","(Sin valor)","(Sin valor)","59436384290"
"59444424051","ACEITES MANUELITA S A","No regulado","Bajo","(Sin valor)","Reunión agendada (Sales MNR)","Alexandra Murillo Fagua","Partnerships","2026-04-22 17:39","2026-05-22 08:00","2026-06-30 10:19","935:18:04","(Sin valor)","(Sin valor)","(Sin valor)","(Sin valor)","(Sin valor)","(Sin valor)","(Sin valor)","(Sin valor)","(Sin valor)","(Sin valor)","(Sin valor)","(Sin valor)","(Sin valor)","59444424051"
"59445190669","Fast Food Company","Regulado","(Sin valor)","(Sin valor)","Reunión agendada (Sales MR)","Juan José García Dangond","D2D","2026-04-22 15:27","(Sin valor)","(Sin valor)","937:29:33","(Sin valor)","(Sin valor)","(Sin valor)","(Sin valor)","(Sin valor)","(Sin valor)","(Sin valor)","(Sin valor)","(Sin valor)","(Sin valor)","(Sin valor)","(Sin valor)","(Sin valor)","59445190669"
"59447147065","La panadería","Regulado","Alto","847.5","Reunión agendada (Sales MR)","Juan José García Dangond","D2D","2026-04-22 13:29","(Sin valor)","2026-05-27 10:54","939:27:57","(Sin valor)","(Sin valor)","(Sin valor)","546184.46097941","(Sin valor)","(Sin valor)","755045.39885793","(Sin valor)","Sí","(Sin valor)","(Sin valor)","(Sin valor)","(Sin valor)","59447147065"
"59448094608","Venta Directa - La marina","Regulado","(Sin valor)","(Sin valor)","Reunión agendada (Sales MR)","Hector Steffan Camargo Rua","D2D","2026-04-22 17:46","(Sin valor)","(Sin valor)","935:11:15","(Sin valor)","(Sin valor)","(Sin valor)","(Sin valor)","(Sin valor)","(Sin valor)","(Sin valor)","(Sin valor)","(Sin valor)","(Sin valor)","(Sin valor)","(Sin valor)","(Sin valor)","59448094608"
"59449470607","Residencias Deseo","Regulado","(Sin valor)","(Sin valor)","Reunión agendada (Sales MR)","Juan José García Dangond","D2D","2026-04-22 13:24","(Sin valor)","(Sin valor)","939:32:41","(Sin valor)","(Sin valor)","(Sin valor)","(Sin valor)","(Sin valor)","(Sin valor)","(Sin valor)","(Sin valor)","(Sin valor)","(Sin valor)","(Sin valor)","(Sin valor)","(Sin valor)","59449470607"
"59449477029","FERNANDO DE ARAGON S.A.S","Regulado","Bajo","2348.5","Reunión agendada (Sales MR)","Juan Pablo Blanco Lugo","Awareness","2026-04-22 14:47","2026-05-21 16:47","2026-06-17 07:10","560:41:16","(Sin valor)","270020","1119537","546184.46097941","208860.93787853","1389557","755045.39885793","88006.73509057","Sí","15782","12","12.81140226","(Sin valor)","59449477029"
"59450091800","Abastos La Banderita","Regulado","(Sin valor)","(Sin valor)","Reunión agendada (Sales MR)","Juan José García Dangond","D2D","2026-04-22 14:41","(Sin valor)","(Sin valor)","938:16:20","(Sin valor)","(Sin valor)","(Sin valor)","(Sin valor)","(Sin valor)","(Sin valor)","(Sin valor)","(Sin valor)","(Sin valor)","(Sin valor)","(Sin valor)","(Sin valor)","(Sin valor)","59450091800"
"59450722452","GRACIANO GUEVARA DANIELA SOFIA","Regulado","(Sin valor)","(Sin valor)","Reunión agendada (Sales MR)","Juan José García Dangond","D2D","2026-04-22 17:19","(Sin valor)","(Sin valor)","935:38:18","(Sin valor)","(Sin valor)","(Sin valor)","(Sin valor)","(Sin valor)","(Sin valor)","(Sin valor)","(Sin valor)","(Sin valor)","(Sin valor)","(Sin valor)","(Sin valor)","(Sin valor)","59450722452"
"59463007385","JULIAN ADELMO LARA CEBALLOS","Regulado","Medio","15192.5","Análisis comercial (Sales MR)","Andrés Toro García","Bia Network","2026-04-22 16:27","2026-05-29 16:45","2026-06-05 09:05","128:28:46","(Sin valor)","1747080","2735615","1283751.51410279","490906.57899291","4482695","1774658.09309569","0","Sí","37094","6","4.20028357","(Sin valor)","59463007385"
"59467369913","Ideplas","Regulado","(Sin valor)","(Sin valor)","Reunión agendada (Sales MR)","Juan José García Dangond","D2D","2026-04-22 13:23","(Sin valor)","(Sin valor)","939:34:07","(Sin valor)","(Sin valor)","(Sin valor)","(Sin valor)","(Sin valor)","(Sin valor)","(Sin valor)","(Sin valor)","(Sin valor)","(Sin valor)","(Sin valor)","(Sin valor)","(Sin valor)","59467369913"
"59472112975","FAJAS ESPINELA SAS","Regulado","(Sin valor)","(Sin valor)","Reunión agendada (Sales MR)","Andrés Toro García","Bia Network","2026-04-23 09:46","2026-05-28 19:00","(Sin valor)","919:11:22","(Sin valor)","(Sin valor)","(Sin valor)","(Sin valor)","(Sin valor)","(Sin valor)","(Sin valor)","(Sin valor)","(Sin valor)","(Sin valor)","(Sin valor)","(Sin valor)","(Sin valor)","59472112975"
"59476021882","PROCTER & GAMBLE COLOMBIA LTDA","No regulado","Bajo","511340.5","Carta de intención (Sales MNR)","María Paula Pico Loaiza","Bia Network","2026-04-23 09:33","2026-05-28 09:01","2026-07-31 09:56","95:47:38","(Sin valor)","30680400","13127438","36160954.10624675","13827948.85022876","43807838","49988902.95647551","0","No","1044870.7689","9","5.6328333","(Sin valor)","59476021882"
"59480105239","INVERSIONES FEEDS S.A.S","Regulado","Bajo","49707.5","Reunión agendada (Sales MR)","Andrés Toro García","Bia Network","2026-04-23 11:55","2026-05-27 22:22","2026-05-30 14:54","917:02:05","2026-06-01 19:00","5716305","5185049.63","11915567.05312338","4556512.84111438","10901354.63","16472079.89423776","0","Sí","344300.31","9","6.1516147","(Sin valor)","59480105239"
"59480717965","CHEVRON PETROLEUM COMPANY","No regulado","Medio","(Sin valor)","Carta de intención (Sales MNR)","Simón Hernández Medina","Awareness","2026-04-23 10:34","2026-05-29 16:15","2026-06-30 16:18","800:41:04","(Sin valor)","(Sin valor)","(Sin valor)","(Sin valor)","(Sin valor)","(Sin valor)","(Sin valor)","(Sin valor)","No","(Sin valor)","(Sin valor)","0","(Sin valor)","59480717965"
"59482423390","CENTRO COMERCIAL UNICENTRO VILLAVICENCIO","No regulado","Medio","(Sin valor)","Reunión efectiva (Sales MNR)","Alexandra Murillo Fagua","Bia Network","2026-04-23 11:06","2026-05-26 18:00","2026-06-19 12:11","576:23:04","2026-06-03 18:00","(Sin valor)","(Sin valor)","(Sin valor)","(Sin valor)","(Sin valor)","(Sin valor)","(Sin valor)","(Sin valor)","(Sin valor)","(Sin valor)","(Sin valor)","(Sin valor)","59482423390"
"59485674666","Grupo Hada","No regulado","Bajo","(Sin valor)","Análisis comercial (Sales MNR)","María Paula Pico Loaiza","ABM","2026-04-23 10:53","2026-05-29 17:00","2026-07-31 09:36","800:42:11","(Sin valor)","(Sin valor)","(Sin valor)","(Sin valor)","(Sin valor)","(Sin valor)","(Sin valor)","(Sin valor)","No","(Sin valor)","(Sin valor)","(Sin valor)","(Sin valor)","59485674666"
"59494802512","FUN FOODS S.A.S","Regulado","Bajo","6167.5","Reunión efectiva (Sales MR)","Juan Pablo Blanco Lugo","Performance","2026-04-23 09:11","2026-05-27 10:00","2026-05-31 06:14","485:14:29","(Sin valor)","709090","5156721","2184737.84391763","835443.7515141","5865811","3020181.59543174","1593366.93407607","Sí","63128","15","20.59410577","(Sin valor)","59494802512"
"59497518599","LABORATORIOS CERO S.A.S.","Regulado","Bajo","18200","Análisis comercial (Sales MR)","Silvia Milena Uribe Gutierrez","Performance","2026-04-23 13:01","2026-05-25 17:55","2026-05-30 10:15","796:01:10","2026-06-17 17:45","2093000","11202199","2302162.10624676","880346.78942876","13295199","3182508.89567551","7310256.11540968","Sí","66520.97406","9","19.99297125","(Sin valor)","59497518599"
"59550508324","Centro Comercial Unicentro Pasto","Regulado","Bajo","35945.5","Reunión agendada (Sales MR)","Andrés Toro García","Bia Network","2026-04-23 15:31","2026-05-19 09:15","(Sin valor)","913:26:21","(Sin valor)","4133675","5142675","23235722.05312338","8885340.11311438","9276350","32121062.16623776","0","Sí","671396.188725","9","3.67360968","(Sin valor)","59550508324"
"59553667167","INDUSTRIA COLOMBIANA DE CARNE S A","Regulado","Bajo","22150.5","Documentos para firma (Sales MR)","Daniela Dueñas Camacho","BDR","2026-04-24 07:20","2026-05-29 17:00","2026-06-30 17:09","797:58:24","2026-06-03 17:00","2547250","705000","546184.46097941","208860.93787853","3252250","755045.39885793","0","No","15782","9","5.08250783","(Sin valor)","59553667167"
"59575743617","DIANA PATRICIA TORRES GONZALEZ","Regulado","(Sin valor)","(Sin valor)","Reunión agendada (Sales MR)","Juan José García Dangond","D2D","2026-04-23 18:04","(Sin valor)","(Sin valor)","910:52:52","(Sin valor)","(Sin valor)","(Sin valor)","(Sin valor)","(Sin valor)","(Sin valor)","(Sin valor)","(Sin valor)","(Sin valor)","(Sin valor)","(Sin valor)","(Sin valor)","(Sin valor)","59575743617"
"59610210116","SANTACRUZ AVILA LUIS HHUMBERTO","Regulado","(Sin valor)","3445.5","Análisis comercial (Sales MR)","Sebastian Mazorra Gomez","Performance","2026-04-09 18:01","2026-05-29 09:02","2026-06-30 10:49","821:50:29","(Sin valor)","396175","1410000","1092368.92195882","417721.87575705","1806175","1510090.79771587","1019025.9571775","Sí","31564","6","13.76746894","(Sin valor)","59610210116"
"59621569705","DE LA HOZ SALTARIN ROBINSON","Regulado","(Sin valor)","(Sin valor)","Reunión agendada (Sales MR)","Juan José García Dangond","D2D","2026-04-24 09:28","2026-05-07 09:06","(Sin valor)","895:29:16","(Sin valor)","(Sin valor)","(Sin valor)","(Sin valor)","(Sin valor)","(Sin valor)","(Sin valor)","(Sin valor)","(Sin valor)","(Sin valor)","(Sin valor)","(Sin valor)","(Sin valor)","59621569705"
"59641622332","FABRICA DE HIELO BARRANQUILLITA LIMITADA","No regulado","Bajo","74583","Carta de intención (Sales MNR)","Simón Hernández Medina","Performance","2026-04-24 15:05","2026-05-29 13:00","2026-06-30 19:27","146:51:44","(Sin valor)","4474980","6104506","11915567.05312338","4556512.84111438","10579486","16472079.89423776","0","No","344300.31","15","11.3115291","(Sin valor)","59641622332"
"59642059673","EMPAQUES TRANSPARENTES S A","No regulado","Bajo","(Sin valor)","Carta de intención (Sales MNR)","Simón Hernández Medina","Bia Network","2026-04-24 10:27","2026-05-29 12:45","2026-06-30 19:31","798:09:15","2026-06-02 15:00","(Sin valor)","(Sin valor)","(Sin valor)","(Sin valor)","(Sin valor)","(Sin valor)","(Sin valor)","No","(Sin valor)","(Sin valor)","(Sin valor)","(Sin valor)","59642059673"
"59643152662","Metrohome","Regulado","(Sin valor)","(Sin valor)","Reunión agendada (Sales MR)","Juan José García Dangond","D2D","2026-04-24 12:35","(Sin valor)","(Sin valor)","892:22:02","(Sin valor)","(Sin valor)","(Sin valor)","(Sin valor)","(Sin valor)","(Sin valor)","(Sin valor)","(Sin valor)","(Sin valor)","(Sin valor)","(Sin valor)","(Sin valor)","(Sin valor)","59643152662"
"59653002349","Marriott International","Regulado","Medio","136000","Análisis comercial (Sales MR)","Simón Hernández Medina","Bia Network","2026-04-24 10:31","2026-05-27 15:00","2026-05-31 17:17","575:46:50","2026-06-01 13:30","15640000","7740000","10943567.05312338","4184820.04111438","23380000","15128387.09423776","0","No","316214.37","15","7.43532447","(Sin valor)","59653002349"
"59656412287","NET FOX LINE SAS","Regulado","(Sin valor)","(Sin valor)","Reunión efectiva (Sales MR)","Sebastian Mazorra Gomez","Awareness","2026-04-24 11:16","2026-05-27 18:00","(Sin valor)","817:22:02","(Sin valor)","(Sin valor)","(Sin valor)","(Sin valor)","(Sin valor)","(Sin valor)","(Sin valor)","(Sin valor)","(Sin valor)","(Sin valor)","(Sin valor)","(Sin valor)","(Sin valor)","59656412287"
"59659370143","Fotocopias Jireh","Regulado","(Sin valor)","(Sin valor)","Reunión agendada (Sales MR)","Juan José García Dangond","D2D","2026-04-24 14:06","(Sin valor)","(Sin valor)","890:50:49","(Sin valor)","(Sin valor)","(Sin valor)","(Sin valor)","(Sin valor)","(Sin valor)","(Sin valor)","(Sin valor)","(Sin valor)","(Sin valor)","(Sin valor)","(Sin valor)","(Sin valor)","59659370143"
"59672454678","PUBLIMPRESOS S.A.S","Regulado","Medio","28860.5","Análisis comercial (Sales MR)","Juan Pablo Blanco Lugo","Bia Network","2026-04-24 16:28","2026-05-28 11:45","2026-05-30 07:08","288:40:19","(Sin valor)","3318900","3525000","2730922.30489704","1044304.68939263","6843900","3775226.99428967","0","Sí","78910","9","6.29660333","(Sin valor)","59672454678"
"59682325323","El Rancho de Jonás","Regulado","(Sin valor)","(Sin valor)","Reunión agendada (Sales MR)","Diego García Pinto","D2D","2026-04-24 18:08","(Sin valor)","(Sin valor)","886:48:25","(Sin valor)","(Sin valor)","(Sin valor)","(Sin valor)","(Sin valor)","(Sin valor)","(Sin valor)","(Sin valor)","(Sin valor)","(Sin valor)","(Sin valor)","(Sin valor)","(Sin valor)","59682325323"
"59684174963","Hotel Windsor","Regulado","(Sin valor)","(Sin valor)","Reunión agendada (Sales MR)","Juan José García Dangond","D2D","2026-04-24 16:27","(Sin valor)","(Sin valor)","888:30:00","(Sin valor)","(Sin valor)","(Sin valor)","(Sin valor)","(Sin valor)","(Sin valor)","(Sin valor)","(Sin valor)","(Sin valor)","(Sin valor)","(Sin valor)","(Sin valor)","(Sin valor)","59684174963"
"59724144746","GRUPO MANSION S.A.S","Regulado","Bajo","6371","Análisis comercial (Sales MR)","Juan Pablo Blanco Lugo","Referrals","2026-04-27 14:21","2026-05-28 11:00","2026-06-01 06:12","418:45:17","(Sin valor)","732550","2115000","1638553.38293822","626582.81363558","2847550","2265136.1965738","1392066.864215","Sí","47346","6","11.73857641","(Sin valor)","59724144746"
"59724720385","MEDICAL TOWER POBLADO","No regulado","Alto","96800","Carta de intención (Sales MNR)","Alexandra Murillo Fagua","Performance","2026-04-27 15:02","2026-05-29 09:13","2026-05-31 14:51","145:19:12","2026-06-02 18:00","5808000","6349819","11122172.05312338","4253118.59311438","12157819","15375290.64623776","0","No","321375.161475","15","8.47409358","(Sin valor)","59724720385"
"59725767323","ACEITES MANUELITA S A","Regulado","(Sin valor)","(Sin valor)","Reunión agendada (Sales MR)","Alexandra Murillo Fagua","Partnerships","2026-04-27 16:03","2026-05-28 18:00","2026-06-30 14:46","816:54:16","2026-06-01 18:00","(Sin valor)","(Sin valor)","(Sin valor)","(Sin valor)","(Sin valor)","(Sin valor)","(Sin valor)","(Sin valor)","(Sin valor)","(Sin valor)","(Sin valor)","(Sin valor)","59725767323"
"59727976227","SABBAG RADIOLOGOS S.A.","No regulado","Medio","139378.5","Documentos para firma (Sales MNR)","María Paula Pico Loaiza","Partnerships","2026-03-03 19:21","2026-05-30 17:00","2026-05-30 16:50","100:44:58","2026-06-03 17:00","8362680","12945358","30814954.10624675","11783638.45022876","21308038","42598592.55647551","0","No","890398.0989","15","11.88935668","(Sin valor)","59727976227"
"59727981932","LABORATORIOS LEGRAND S A","No regulado","Bajo","(Sin valor)","Carta de intención (Sales MNR)","Simón Hernández Medina","Partnerships","2026-04-14 15:47","2026-05-26 14:30","2026-06-30 14:39","798:09:49","2026-06-01 14:00","(Sin valor)","(Sin valor)","(Sin valor)","(Sin valor)","(Sin valor)","(Sin valor)","(Sin valor)","No","(Sin valor)","(Sin valor)","(Sin valor)","(Sin valor)","59727981932"
"59727999055"," ELECTROFAST SAS ","Regulado","Medio","(Sin valor)","Análisis comercial (Sales MR)","María Paula Pico Loaiza","KAM","2026-04-28 18:07","2026-05-29 17:00","2026-05-31 08:30","632:26:04","2026-05-31 17:00","(Sin valor)","(Sin valor)","(Sin valor)","(Sin valor)","(Sin valor)","(Sin valor)","(Sin valor)","Sí","(Sin valor)","(Sin valor)","(Sin valor)","(Sin valor)","59727999055"
"59728041576","UPSELLING - EXPLOTACIONES CARBONIFERAS S A EXCARBON","Regulado","Bajo","450","Reunión efectiva (Sales MR)","Silvia Milena Uribe Gutierrez","Upselling Inbound","2026-04-28 09:27","2026-05-25 18:01","2026-05-29 09:45","799:10:57","2026-06-08 17:45","51750","2172641.81","1151081.05312338","440173.39471438","2224391.81","1591254.44783776","2080004.57089899","Sí","33260.48703","9","138.65163164","(Sin valor)","59728041576"
"59728045878","COUNTRY INTERNATIONAL HOTEL LTDA.","No regulado","Bajo","(Sin valor)","Carta de intención (Sales MNR)","Simón Hernández Medina","Partnerships","2026-04-13 10:45","2026-05-27 14:45","2026-06-30 14:40","798:10:56","2026-06-01 14:00","(Sin valor)","(Sin valor)","(Sin valor)","(Sin valor)","(Sin valor)","(Sin valor)","(Sin valor)","No","(Sin valor)","(Sin valor)","(Sin valor)","(Sin valor)","59728045878"
"59728209202","METROSUB S.A.S","Regulado","Medio","15851","Análisis comercial (Sales MR)","Sebastian Mazorra Gomez","Bia Network","2026-03-06 16:31","2026-05-28 09:02","2026-06-12 07:50","815:20:02","(Sin valor)","1822750","5947049","2184737.84391763","835443.7515141","7769799","3020181.59543174","607364.23130755","Sí","63128","9","9.76318714","(Sin valor)","59728209202"
"59729835310","UPSELLING - DAVID ANTONIO GOMEZ VILLEGAS","Regulado","Bajo","(Sin valor)","Reunión agendada (Sales MR)","Juan Pablo Blanco Lugo","Upselling Inbound","2026-04-28 11:52","2026-05-27 11:00","2026-06-02 07:06","797:04:44","(Sin valor)","(Sin valor)","(Sin valor)","(Sin valor)","(Sin valor)","(Sin valor)","(Sin valor)","(Sin valor)","(Sin valor)","(Sin valor)","(Sin valor)","(Sin valor)","(Sin valor)","59729835310"
"59756185370","ASOCIACION DE AUXILIO MUTUO DE CONDUCTORES Y TRABAJADORES DE LA EMPRESA DE TELECOMUNICACIONES DE BOGOTA ETB S A E S P SIGLA ASOMUTUAL ETB","No regulado","Bajo","(Sin valor)","Reunión agendada (Sales MNR)","María Paula Pico Loaiza","Performance","2026-04-28 11:59","2026-05-21 09:04","2026-07-31 09:30","796:57:41","(Sin valor)","(Sin valor)","(Sin valor)","(Sin valor)","(Sin valor)","(Sin valor)","(Sin valor)","(Sin valor)","(Sin valor)","(Sin valor)","(Sin valor)","(Sin valor)","(Sin valor)","59756185370"
"59757102886","BUENA VISTA ECOCAMPO SAS","Regulado","Alto","4600","Análisis comercial (Sales MR)","Juan Pablo Blanco Lugo","Awareness","2026-04-28 12:49","2026-05-27 14:06","2026-05-22 04:53","611:59:25","2026-06-09 11:00","529000","8427240","11915567.05312338","4556512.84111438","8956240","16472079.89423776","6854129.34863076","Sí","344300.31","12","51.12712784","(Sin valor)","59757102886"
"59758667356","CALDERON SUAREZ FELIPE SEBASTIAN","Regulado","Medio","9960","Análisis comercial (Sales MR)","Daniela Dueñas Camacho","Awareness","2026-04-28 16:03","2026-05-22 14:44","2026-06-30 17:09","775:23:52","(Sin valor)","1145400","1271444","737567.05312338","282045.64111438","2416844","1019612.69423776","0","Sí","21312","9","3.83693878","(Sin valor)","59758667356"
"59759242149","CORONA INDUSTRIAL S A S","Regulado","Bajo","(Sin valor)","Reunión efectiva (Sales MR)","Simón Hernández Medina","KAM","2026-04-28 08:30","2026-05-27 14:00","2026-06-30 19:39","800:20:50","(Sin valor)","(Sin valor)","(Sin valor)","(Sin valor)","(Sin valor)","(Sin valor)","(Sin valor)","(Sin valor)","(Sin valor)","(Sin valor)","(Sin valor)","(Sin valor)","(Sin valor)","59759242149"
"59760034112","ALMACAFE EL PORVENIR ZOMAC S.A.S","No regulado","Medio","(Sin valor)","Reunión efectiva (Sales MNR)","Simón Hernández Medina","KAM","2026-04-28 10:32","2026-05-29 14:30","2026-06-30 19:28","798:12:45","(Sin valor)","(Sin valor)","(Sin valor)","(Sin valor)","(Sin valor)","(Sin valor)","(Sin valor)","(Sin valor)","(Sin valor)","(Sin valor)","(Sin valor)","(Sin valor)","(Sin valor)","59760034112"
"59761609023","AED Constructores","Regulado","Bajo","5038.5","Análisis comercial (Sales MR)","Daniela Dueñas Camacho","Awareness","2026-04-27 16:25","2026-05-29 09:38","2026-06-30 17:09","745:05:03","2026-06-02 17:00","579140","10075833","4915660.14881467","1879748.44090673","10654973","6795408.5897214","6467617.50548305","Sí","142038","18","45.80206153","(Sin valor)","59761609023"
"59762211712","Venta D2D - Asadero la luna","Regulado","(Sin valor)","(Sin valor)","Reunión agendada (Sales MR)","Hector Steffan Camargo Rua","D2D","2026-04-28 21:32","(Sin valor)","(Sin valor)","787:24:52","(Sin valor)","(Sin valor)","(Sin valor)","(Sin valor)","(Sin valor)","(Sin valor)","(Sin valor)","(Sin valor)","(Sin valor)","(Sin valor)","(Sin valor)","(Sin valor)","(Sin valor)","59762211712"
"59768996965","Centro Cial San Andresito","Regulado","Bajo","4388","Documentos para firma (Sales MR)","Silvia Milena Uribe Gutierrez","Referrals","2026-04-27 16:33","2026-05-29 17:45","2026-06-30 15:47","151:36:00","2026-06-03 17:45","504620","2337409","546184.46097941","208860.93787853","2842029","755045.39885793","822765.87480494","No","15782","9","11.66909495","(Sin valor)","59768996965"
"59772725004","CALYPSO","No regulado","Bajo","(Sin valor)","Reunión efectiva (Sales MNR)","Andrés Toro García","Bia Network","2026-04-28 12:24","2026-05-27 08:52","2026-06-30 17:55","776:12:55","(Sin valor)","(Sin valor)","(Sin valor)","(Sin valor)","(Sin valor)","(Sin valor)","(Sin valor)","(Sin valor)","(Sin valor)","(Sin valor)","(Sin valor)","(Sin valor)","(Sin valor)","59772725004"
"59777793039","FERRETERIA INDUSTRIAL SELF-EMPLOYED SAS","Regulado","Bajo","4169.5","Reunión efectiva (Sales MR)","Silvia Milena Uribe Gutierrez","Performance","2026-04-28 14:25","2026-05-26 17:45","2026-05-30 14:55","745:19:50","2026-06-09 17:45","479435","1347139","1092368.92195882","208860.93787853","1826574","755045.39885793","462496.50709065","Sí","15782","9","12.05148981","(Sin valor)","59777793039"
"59793185814","Carnicos Especializados S A S","No regulado","Medio","(Sin valor)","Análisis comercial (Sales MNR)","Alexandra Murillo Fagua","Awareness","2026-04-29 11:49","2026-05-28 18:00","2026-06-11 09:34","632:25:45","(Sin valor)","(Sin valor)","(Sin valor)","(Sin valor)","(Sin valor)","(Sin valor)","(Sin valor)","(Sin valor)","Sí","(Sin valor)","(Sin valor)","(Sin valor)","(Sin valor)","59793185814"
"59805175331","Multifamiliar two towers","Regulado","(Sin valor)","34533.5","Reunión agendada (Sales MR)","Juan Pablo Blanco Lugo","Bia Network","2026-04-29 08:49","2026-05-27 11:03","(Sin valor)","776:07:25","(Sin valor)","3971295","6472679","16904357.05312338","6464226.13711438","10443974","23368583.19023776","1053606.78825923","No","488451.39705","15","(Sin valor)","(Sin valor)","59805175331"
"59838496405","OPERADORA HABITEL S.A.S.","No regulado","Medio","150000","Carta de intención (Sales MNR)","Alexandra Murillo Fagua","Referido interno","2026-04-29 17:00","2026-05-27 18:00","2026-06-30 11:15","53:37:10","2026-06-04 18:00","9000000","15480000","22859134.10624675","8741332.88222876","24480000","31600466.98847551","0","No","660514.68","15","11.13867957","(Sin valor)","59838496405"
"59839394940","COLIVING SOLUTIONS SAS","Regulado","Bajo","5860","Reunión agendada (Sales MR)","Andrés Toro García","Bia Network","2026-04-30 16:48","2026-05-27 09:14","(Sin valor)","744:08:24","(Sin valor)","673900","4773038","1151081.05312338","440173.39471438","5446938","1591254.44783776","3519917.92836817","Sí","33260.48703","9","25.43950773","(Sin valor)","59839394940"
"59846690717","CONSORCIO METALURGICO NACIONAL S.A.S.","No regulado","Bajo","(Sin valor)","Reunión efectiva (Sales MNR)","Alexandra Murillo Fagua","Awareness","2026-04-29 17:02","2026-05-31 08:00","2026-07-31 09:26","272:57:31","2026-06-04 08:00","(Sin valor)","(Sin valor)","(Sin valor)","(Sin valor)","(Sin valor)","(Sin valor)","(Sin valor)","(Sin valor)","(Sin valor)","(Sin valor)","(Sin valor)","(Sin valor)","59846690717"
"59850653755","Aceros y Mallas de Colombia S.A.S","Regulado","Bajo","46147.5","Reunión efectiva (Sales MR)","Andrés Toro García","Bia Network","2026-04-29 18:01","2026-05-27 09:03","2026-05-29 07:49","745:20:05","(Sin valor)","5306905","3938762.65","22058387.05312338","8435127.20911438","9245667.65","30493514.26223776","0","Sí","637377.0939","9","4.30068886","(Sin valor)","59850653755"
"59850930025","Trebox SAS","Regulado","Bajo","40000","Reunión agendada (Sales MR)","Simón Hernández Medina","Bia Network","2026-04-30 15:27","2026-05-27 16:15","2026-06-30 09:36","56:12:13","2026-06-01 15:00","4600000","6935000","1151081.05312338","440173.39471438","11535000","1591254.44783776","0","No","33260.48703","15","8.61716348","(Sin valor)","59850930025"
"59861375528","ALTEA FARMACÉUTICA S.A.","No regulado","Bajo","400000","Carta de intención (Sales MNR)","Simón Hernández Medina","Referido interno","2026-04-29 17:13","2026-05-29 13:30","2026-06-30 09:36","606:37:14","(Sin valor)","24000000","7740000","17018567.05312338","6507900.04111438","31740000","23526467.09423776","0","No","491751.495","15","11.51384731","(Sin valor)","59861375528"
"59886320932","CASTILAC SAS ZOMAC","Regulado","Alto","2750","Documentos para firma (Sales MR)","Daniela Dueñas Camacho","Performance","2026-04-30 18:16","2026-05-28 16:01","2026-06-30 17:09","482:18:21","2026-06-01 17:00","316250","2944149","546184.46097941","208860.93787853","3260399","755045.39885793","449819.32887647","Sí","15782","18","20.88081068","(Sin valor)","59886320932"
"59910983804","ECOMADERAS PLASTICAS S.A.S","Regulado","Medio","41000","Documentos para firma (Sales MR)","Sebastian Mazorra Gomez","Performance","2026-05-01 08:39","2026-05-28 11:00","2026-06-30 14:47","368:43:00","(Sin valor)","4715000","705000","546184.46097941","0","5420000","755045.39885793","0","No","15782","6","4.02747354","(Sin valor)","59910983804"
"59915340635","AGROAROMAS S A S ","Regulado","Bajo","44815","Análisis comercial (Sales MR)","Daniela Dueñas Camacho","ABM","2026-03-18 14:55","2026-05-21 17:00","2026-06-30 17:09","656:59:05","2026-06-04 17:00","5153725","27870572","5696693.13445233","2178415.45461457","33024297","7875108.5890669","16473428.89210468","Sí","164605.94812","9","17.95789025","(Sin valor)","59915340635"
"59963205795","DIMERSA DON S.A.S","No regulado","Bajo","72080","Carta de intención (Sales MNR)","Simón Hernández Medina","Partnerships","2026-03-31 10:12","2026-05-27 15:45","2026-05-31 12:27","648:15:39","2026-06-01 15:45","4149200","5739101.39","23831134.10624675","4556512.84111438","9888301.39","32944159.78847551","0","Sí","344300.31","6","5.96016115","(Sin valor)","59963205795"
"60005439151","EMPRESA DE TRANSITO Y TRANSPORTE DE BOLIVAR S.A.S. SOCIEDAD DE ECONOMIA MIXTA. SIGLA: ETTBOLIVAR","Regulado","Bajo","3801","Análisis comercial (Sales MR)","Daniela Dueñas Camacho","Referrals","2026-05-04 07:22","2026-05-29 09:37","2026-06-30 17:09","655:22:56","2026-06-02 17:00","437115","1338497","546184.46097941","0","1775612","755045.39885793","0","Sí","15782","12","10.11273427","(Sin valor)","60005439151"
"60013218431","CAJA DE COMPENSACION FAMILIAR DE NARINO COMFAMILIAR","Regulado","Bajo","71418","Análisis comercial (Sales MR)","Andrés Toro García","Bia Network","2026-05-04 14:39","2026-05-26 19:00","2026-06-26 07:49","128:30:51","2026-06-01 19:00","8212840","23716720","53089191.59543173","20301306.8660931","31929560","73390498.46152483","0","Sí","1534012.19115","9","6.36431672","(Sin valor)","60013218431"
"60013951129","ASOCIACION CONJUNTO RESIDENCIAL LOYOLA","Regulado","Bajo","3704","Reunión efectiva (Sales MR)","Juan Pablo Blanco Lugo","Awareness","2026-05-04 14:34","2026-05-27 10:00","2026-06-01 06:10","560:41:39","(Sin valor)","425960","705000","546184.46097941","208860.93787853","1130960","755045.39885793","0","Sí","15782","9","8.01788406","(Sin valor)","60013951129"
"60016611179","Hotel Castillo Real Bucaramanga","Regulado","Bajo","3557","Análisis comercial (Sales MR)","Andrés Toro García","Bia Network","2026-05-05 17:03","2026-05-25 19:00","2026-05-08 07:44","605:23:16","(Sin valor)","409055","1347139","546184.46097941","208860.93787853","1756194","755045.39885793","0","Sí","15782","12","9.83330976","(Sin valor)","60016611179"
"60017200434","LACTALIS COLOMBIA S.A.S","No regulado","Bajo","(Sin valor)","Análisis comercial (Sales MNR)","Alexandra Murillo Fagua","Awareness","2026-05-04 16:42","2026-05-28 18:00","2026-07-31 08:19","47:55:25","(Sin valor)","(Sin valor)","(Sin valor)","(Sin valor)","(Sin valor)","(Sin valor)","(Sin valor)","(Sin valor)","No","(Sin valor)","(Sin valor)","(Sin valor)","(Sin valor)","60017200434"
"60019862068","Bancolombia","Regulado","Alto","37333.5","Análisis comercial (Sales MR)","Juan Pablo Blanco Lugo","Bia Network","2026-03-26 11:24","2026-05-28 16:00","2026-05-29 09:31","612:10:28","(Sin valor)","4293295","10571572","21389556.40006921","1969554.51673604","14864867","7120063.19020896","69743.32844801","Sí","148823.94812","9","9.04242546","No","60019862068"
"60030590891","PROXYTEL S.A.S","Regulado","Bajo","2935.5","Reunión efectiva (Sales MR)","Juan Pablo Blanco Lugo","Performance","2026-05-05 08:36","2026-05-27 10:02","2026-05-30 06:09","624:59:53","(Sin valor)","337525","1398089","546184.46097941","208860.93787853","1735614","755045.39885793","448741.66547454","Sí","15782","12","16.18448656","(Sin valor)","60030590891"
"60032547854","CENTRO COMERCIAL LOS HEROES","Regulado","(Sin valor)","6057","Análisis comercial (Sales MR)","Simón Hernández Medina","KAM","2026-05-05 09:00","2026-05-27 12:45","2026-05-31 10:51","602:00:15","2026-06-11 15:00","696555","2115000","1638553.38293822","626582.81363558","2811555","2265136.1965738","43623.64883838","Sí","47346","12","12.18912456","(Sin valor)","60032547854"
"60034017953","COMERCIAL NUTRESA S.A.S.","Regulado","Bajo","72000","Análisis comercial (Sales MR)","Sebastian Mazorra Gomez","Performance","2026-05-05 11:12","2026-05-29 08:00","2026-06-30 09:26","557:00:28","(Sin valor)","8280000","7740000","11122172.05312338","4253118.59311438","16020000","15375290.64623776","0","No","321375.161475","12","11.45026443","(Sin valor)","60034017953"
"60034639732","Venta D2D - FULL visión Óptica","Regulado","(Sin valor)","(Sin valor)","Reunión agendada (Sales MR)","Hector Steffan Camargo Rua","D2D","2026-05-05 12:33","(Sin valor)","(Sin valor)","628:23:59","(Sin valor)","(Sin valor)","(Sin valor)","(Sin valor)","(Sin valor)","(Sin valor)","(Sin valor)","(Sin valor)","(Sin valor)","(Sin valor)","(Sin valor)","(Sin valor)","(Sin valor)","60034639732"
"60035316847","INACSA SAS","Regulado","(Sin valor)","62000","Reunión agendada (Sales MR)","Simón Hernández Medina","KAM","2026-05-05 15:15","2026-05-20 09:13","(Sin valor)","625:41:36","(Sin valor)","7130000","8079020","11915567.05312338","4556512.84111438","15209020","16472079.89423776","0","No","344300.31","15","13.4181322","(Sin valor)","60035316847"
"60036605202","CENTRO PSICOLÓGICO SAN RAFAEL S.A.S","Regulado","(Sin valor)","(Sin valor)","Reunión agendada (Sales MR)","Daniela Dueñas Camacho","Referrals","2026-05-05 14:59","2026-05-27 17:02","(Sin valor)","625:58:00","(Sin valor)","(Sin valor)","(Sin valor)","(Sin valor)","(Sin valor)","(Sin valor)","(Sin valor)","(Sin valor)","(Sin valor)","(Sin valor)","(Sin valor)","(Sin valor)","(Sin valor)","60036605202"
"60038429029","PALMERAS SANTANA S.A.S","Regulado","Medio","91123","Documentos para firma (Sales MR)","Silvia Milena Uribe Gutierrez","Performance","2026-05-05 17:28","2026-05-29 17:45","2026-05-30 08:05","151:36:16","(Sin valor)","10479145","10285350","46471444.10624675","17770680.22622876","20764495","64242124.33247551","0","Sí","1342792.37745","12","5.00205404","(Sin valor)","60038429029"
"60053786016","Venta D2D - Mas y menos","Regulado","(Sin valor)","(Sin valor)","Reunión agendada (Sales MR)","Hector Steffan Camargo Rua","D2D","2026-05-06 11:53","(Sin valor)","(Sin valor)","605:04:23","(Sin valor)","(Sin valor)","(Sin valor)","(Sin valor)","(Sin valor)","(Sin valor)","(Sin valor)","(Sin valor)","(Sin valor)","(Sin valor)","(Sin valor)","(Sin valor)","(Sin valor)","60053786016"
"60055335954","DIEGO MOYA SALON DAY SPA E.U.","Regulado","Medio","18760","Documentos para firma (Sales MR)","Daniela Dueñas Camacho","Bia Network","2026-05-06 14:24","2026-05-28 16:35","2026-06-30 17:09","485:53:36","2026-06-01 17:00","2157400","1271444","1151081.05312338","0","3428844","1591254.44783776","0","Sí","33260.48703","8","3.95670149","(Sin valor)","60055335954"
"60056810818","MERCAMIO S A","Regulado","Bajo","77200","Análisis comercial (Sales MR)","Silvia Milena Uribe Gutierrez","Bia Network","2026-05-06 15:17","2026-05-26 17:45","2026-06-30 15:07","391:15:17","2026-06-11 17:45","8878000","14890740","13066648.10624675","4996686.23582876","23768740","18063334.34207552","0","Sí","377560.79703","9","8.08485741","(Sin valor)","60056810818"
"60057949268","CENTRO COMERCIAL Y PROFESIONAL GRATAMIRA","Regulado","Bajo","2500","Reunión efectiva (Sales MR)","Sebastian Mazorra Gomez","Bia Network","2026-05-06 14:55","2026-05-19 10:18","2026-06-30 10:19","584:41:46","2026-06-19 08:00","287500","1347139","546184.46097941","208860.93787853","1634639","755045.39885793","504917.42765103","Sí","15782","9","13.02245736","(Sin valor)","60057949268"
"60071608929","INVERCOMER DEL CARIBE S.A.S.","Regulado","(Sin valor)","(Sin valor)","Reunión agendada (Sales MNR)","Alexandra Murillo Fagua","Bia Network","2026-05-07 08:01","2026-05-22 14:48","(Sin valor)","577:20:46","(Sin valor)","(Sin valor)","(Sin valor)","(Sin valor)","(Sin valor)","(Sin valor)","(Sin valor)","(Sin valor)","(Sin valor)","(Sin valor)","(Sin valor)","(Sin valor)","(Sin valor)","60071608929"
"60071925331","Armada Nacional","No regulado","Bajo","(Sin valor)","Reunión efectiva (Sales MNR)","Alexandra Murillo Fagua","Performance","2026-05-07 08:31","2026-05-23 19:00","2026-06-30 09:30","434:45:47","2026-06-01 18:00","(Sin valor)","(Sin valor)","(Sin valor)","(Sin valor)","(Sin valor)","(Sin valor)","(Sin valor)","(Sin valor)","(Sin valor)","(Sin valor)","(Sin valor)","(Sin valor)","60071925331"
"60073054343","I + D FABRIACRYLICOS S.A.S","Regulado","Bajo","2677","Análisis comercial (Sales MR)","Silvia Milena Uribe Gutierrez","Upselling Inbound","2026-05-07 08:54","2026-05-28 17:45","2026-06-30 10:51","272:43:27","2026-06-04 17:45","307855","705000","546184.46097941","208860.93787853","1012855","755045.39885793","95352.24776379","Sí","15782","9","9.93533259","(Sin valor)","60073054343"
"60073451675","HOTELES ESTELAR S.A.","No regulado","Bajo","(Sin valor)","Reunión efectiva (Sales MNR)","Simón Hernández Medina","Performance","2026-05-07 08:56","2026-05-28 14:00","2026-08-31 08:31","409:47:46","(Sin valor)","(Sin valor)","(Sin valor)","(Sin valor)","(Sin valor)","(Sin valor)","(Sin valor)","(Sin valor)","(Sin valor)","(Sin valor)","(Sin valor)","(Sin valor)","(Sin valor)","60073451675"
"60075442956","Venta D2D - depósito favor serna","Regulado","(Sin valor)","(Sin valor)","Reunión agendada (Sales MR)","Hector Steffan Camargo Rua","D2D","2026-05-07 12:18","(Sin valor)","(Sin valor)","580:39:01","(Sin valor)","(Sin valor)","(Sin valor)","(Sin valor)","(Sin valor)","(Sin valor)","(Sin valor)","(Sin valor)","(Sin valor)","(Sin valor)","(Sin valor)","(Sin valor)","(Sin valor)","60075442956"
"60076933716","Hotel Casa Ballesteros ","Regulado","Bajo","31663","Reunión efectiva (Sales MR)","Juan Pablo Blanco Lugo","D2D","2026-02-01 22:47","2026-05-20 09:45","2026-05-31 18:07","581:10:27","2026-06-22 08:00","3641245","6472679","16904357.05312338","0","10113924","23368583.19023776","0","No","488451.39705","8","5.05083538","(Sin valor)","60076933716"
"60077634820","C.I. CENTURION FOODS S.A.S.","Regulado","Bajo","237380","Análisis comercial (Sales MR)","Daniela Dueñas Camacho","Bia Network","2026-05-07 14:38","2026-05-19 17:00","2026-06-30 17:09","480:14:50","2026-06-01 17:00","27298700","16759690","36021415.26561689","13774589.1975719","44058390","49796004.46318879","0","Sí","1040838.7941","9","2.95454888","(Sin valor)","60077634820"
"60078666868","POLLO AL DÍA SAS","Regulado","Bajo","39979","Reunión efectiva (Sales MR)","Andrés Toro García","Bia Network","2026-05-07 15:00","2026-05-22 19:00","(Sin valor)","558:59:22","(Sin valor)","4597240","43846955","23525227.78681433","4668125.33656342","48444195","16875566.07025437","13028947.77453828","Sí","352734","12","16.414691","(Sin valor)","60078666868"
"60083587376","UPSELLING-TERPEL","Regulado","(Sin valor)","(Sin valor)","Reunión agendada (Sales MR)","Daniela Torres Garzón","Upselling Inbound","2026-05-11 09:09","2026-05-27 11:01","(Sin valor)","487:47:34","(Sin valor)","(Sin valor)","(Sin valor)","(Sin valor)","(Sin valor)","(Sin valor)","(Sin valor)","(Sin valor)","(Sin valor)","(Sin valor)","(Sin valor)","(Sin valor)","(Sin valor)","60083587376"
"60108281133","Caja de Compensación Familiar del Huila – Comfamiliar Huila","Regulado","Bajo","32600","Análisis comercial (Sales MR)","Daniela Dueñas Camacho","Awareness","2026-04-21 12:50","2026-05-29 11:33","2026-06-30 17:09","532:18:37","2026-06-01 17:00","3748885","10532294","28012111.38622599","5183095.65474996","14281179","18737216.09081156","2345002.21540584","Sí","391646.31","6","7.17877052","(Sin valor)","60108281133"
"60112806280","Mirto Capital SAS","Regulado","Bajo","2666","Análisis comercial (Sales MR)","Juan Pablo Blanco Lugo","Bia Network","2026-05-07 16:37","2026-05-28 08:00","2026-05-30 07:06","289:24:27","2026-06-09 08:00","306590","1119537","546184.46097941","208860.93787853","1426127","755045.39885793","0","Sí","15782","12","11.58021042","(Sin valor)","60112806280"
"60113472906","FISH TRADE SAS","Regulado","Bajo","4396.5","Análisis comercial (Sales MR)","Andrés Toro García","Referrals","2026-05-08 08:46","2026-05-26 16:45","(Sin valor)","146:07:31","(Sin valor)","505540","705000","546184.46097941","208860.93787853","1210540","755045.39885793","0","Sí","15782","9","7.23110996","(Sin valor)","60113472906"
"60116075806"," ELECTROFAST SAS","No regulado","Bajo","(Sin valor)","Reunión efectiva (Sales MNR)","María Paula Pico Loaiza","KAM","2026-05-07 18:26","(Sin valor)","2026-07-31 09:25","151:31:53","(Sin valor)","(Sin valor)","(Sin valor)","(Sin valor)","(Sin valor)","(Sin valor)","(Sin valor)","(Sin valor)","(Sin valor)","(Sin valor)","(Sin valor)","(Sin valor)","(Sin valor)","60116075806"
"60122360643","HABI GAVE SAS","Regulado","(Sin valor)","22019.5","Análisis comercial (Sales MR)","Daniela Dueñas Camacho","Performance","2026-05-08 09:11","2026-05-28 17:00","2026-06-30 17:09","458:34:30","2026-06-02 17:00","2532185","705000","546184.46097941","208860.93787853","3237185","755045.39885793","0","Sí","15782","6","3.86058779","(Sin valor)","60122360643"
"60128247070","ARIDOS Y RECICLADOS CANTARRANA S.A.S","Regulado","Bajo","8400","Análisis comercial (Sales MR)","Daniela Dueñas Camacho","Bia Network","2026-05-08 08:36","2026-05-20 17:00","2026-06-30 17:09","558:01:48","2026-06-01 17:00","966000","7740000","11915567.05312338","4556512.84111438","8706000","16472079.89423776","2948044.73755383","Sí","344300.31","18","27.21591135","(Sin valor)","60128247070"
"60130817351","Venta D2D - Hotel  avanty","Regulado","(Sin valor)","(Sin valor)","Reunión agendada (Sales MR)","Hector Steffan Camargo Rua","D2D","2026-05-08 10:30","2026-05-08 10:31","(Sin valor)","558:26:48","(Sin valor)","(Sin valor)","(Sin valor)","(Sin valor)","(Sin valor)","(Sin valor)","(Sin valor)","(Sin valor)","(Sin valor)","(Sin valor)","(Sin valor)","(Sin valor)","(Sin valor)","60130817351"
"60151458853","CONTENTO BPS S.A.","Regulado","(Sin valor)","255007.5","Reunión efectiva (Sales MR)","Andrés Toro García","Bia Network","2026-05-08 16:29","2026-05-22 08:00","(Sin valor)","463:25:24","(Sin valor)","29325575","48864133","20959424.49160754","9005219.85914324","78189708","(Sin valor)","0","Sí","680454.570685","9","8.39179339","(Sin valor)","60151458853"
"60166827559","DOBLE AA ELECTRIC SAS","Regulado","Bajo","2490","Análisis comercial (Sales MR)","Daniela Dueñas Camacho","Bia Network","2026-05-10 19:09","2026-05-25 09:02","2026-06-30 17:09","488:58:48","2026-06-01 17:00","286350","1271444","1151081.05312338","440173.39471438","1557794","1591254.44783776","0","Sí","33260.48703","15","13.54344266","(Sin valor)","60166827559"
"60174045744","Venta D2D - Trabajemos juntos ips","Regulado","(Sin valor)","(Sin valor)","Reunión agendada (Sales MR)","Hector Steffan Camargo Rua","D2D","2026-05-11 09:34","(Sin valor)","(Sin valor)","487:22:50","(Sin valor)","(Sin valor)","(Sin valor)","(Sin valor)","(Sin valor)","(Sin valor)","(Sin valor)","(Sin valor)","(Sin valor)","(Sin valor)","(Sin valor)","(Sin valor)","(Sin valor)","60174045744"
"60177536804","UPSELLING - PRO ORIENTE S.A.S.","Regulado","Medio","3750","Análisis comercial (Sales MR)","Cristian Camilo Restrepo Pino","Upselling Inbound","2026-05-11 15:28","2026-05-26 10:13","2026-05-31 15:59","480:51:21","(Sin valor)","431250","1119537","546184.46097941","208860.93787853","1550787","755045.39885793","171420.72294065","No","15782","9","9.72281581","(Sin valor)","60177536804"
"60178453833","Venta D2D - Casino la 43","Regulado","(Sin valor)","(Sin valor)","Reunión agendada (Sales MR)","Hector Steffan Camargo Rua","D2D","2026-05-12 10:15","(Sin valor)","(Sin valor)","462:42:09","(Sin valor)","(Sin valor)","(Sin valor)","(Sin valor)","(Sin valor)","(Sin valor)","(Sin valor)","(Sin valor)","(Sin valor)","(Sin valor)","(Sin valor)","(Sin valor)","(Sin valor)","60178453833"
"60178979999","Venta D2D - Multialuminio","Regulado","(Sin valor)","(Sin valor)","Reunión efectiva (Sales MR)","Hector Steffan Camargo Rua","D2D","2026-05-11 16:42","(Sin valor)","(Sin valor)","480:14:53","(Sin valor)","(Sin valor)","(Sin valor)","(Sin valor)","(Sin valor)","(Sin valor)","(Sin valor)","(Sin valor)","(Sin valor)","(Sin valor)","(Sin valor)","(Sin valor)","(Sin valor)","60178979999"
"60180869469","Curti Oriente de Santander","Regulado","Bajo","3660","Documentos para firma (Sales MR)","Sebastian Mazorra Gomez","Bia Network","2026-05-11 11:53","2026-05-27 18:00","2026-05-30 16:36","289:15:21","(Sin valor)","420900","1347139","12461751.51410278","208860.93787853","1768039","755045.39885793","114126.61808111","Sí","15782","9","9.62103626","(Sin valor)","60180869469"
"60181279661","Venta D2D - Optica betel","Regulado","(Sin valor)","(Sin valor)","Reunión efectiva (Sales MR)","Hector Steffan Camargo Rua","D2D","2026-05-12 08:51","2026-05-18 09:07","(Sin valor)","464:06:04","(Sin valor)","(Sin valor)","(Sin valor)","(Sin valor)","(Sin valor)","(Sin valor)","(Sin valor)","(Sin valor)","(Sin valor)","(Sin valor)","(Sin valor)","(Sin valor)","(Sin valor)","60181279661"
"60181294008","Edificio san roque","Regulado","(Sin valor)","16200","Análisis comercial (Sales MR)","Daniela Dueñas Camacho","Bia Network","2026-05-12 11:35","2026-05-28 17:00","(Sin valor)","384:28:50","2026-06-02 17:00","1863000","4773038","1151081.05312338","440173.39471438","6636038","1591254.44783776","0","Sí","33260.48703","12","11.21108737","(Sin valor)","60181294008"
"60183037838","Venta D2D - hotel nueva esperanza","Regulado","(Sin valor)","(Sin valor)","Reunión agendada (Sales MR)","Hector Steffan Camargo Rua","D2D","2026-05-11 15:32","2026-05-21 09:02","(Sin valor)","481:24:48","(Sin valor)","(Sin valor)","(Sin valor)","(Sin valor)","(Sin valor)","(Sin valor)","(Sin valor)","(Sin valor)","(Sin valor)","(Sin valor)","(Sin valor)","(Sin valor)","(Sin valor)","60183037838"
"60184700207","Venta D2D - AMERICANA NUMERO 3","Regulado","(Sin valor)","(Sin valor)","Reunión agendada (Sales MR)","Hector Steffan Camargo Rua","D2D","2026-05-12 10:02","(Sin valor)","(Sin valor)","462:55:22","(Sin valor)","(Sin valor)","(Sin valor)","(Sin valor)","(Sin valor)","(Sin valor)","(Sin valor)","(Sin valor)","(Sin valor)","(Sin valor)","(Sin valor)","(Sin valor)","(Sin valor)","60184700207"
"60185099702","Venta D2D - Asados Atlántico","Regulado","(Sin valor)","(Sin valor)","Reunión agendada (Sales MR)","Hector Steffan Camargo Rua","D2D","2026-05-12 12:38","(Sin valor)","(Sin valor)","460:18:50","(Sin valor)","(Sin valor)","(Sin valor)","(Sin valor)","(Sin valor)","(Sin valor)","(Sin valor)","(Sin valor)","(Sin valor)","(Sin valor)","(Sin valor)","(Sin valor)","(Sin valor)","60185099702"
"60185820456","TERMINAL DE TRANSPORTE DE PASTO","Regulado","Bajo","16357","Análisis comercial (Sales MR)","Andrés Toro García","Bia Network","2026-05-11 17:46","2026-05-29 19:00","(Sin valor)","128:31:56","(Sin valor)","1881055","1276189","546184.46097941","208860.93787853","3157244","755045.39885793","0","Sí","15782","9","2.74763389","(Sin valor)","60185820456"
"60186824858","Venta D2D - El tizon","Regulado","(Sin valor)","(Sin valor)","Reunión agendada (Sales MR)","Hector Steffan Camargo Rua","D2D","2026-05-12 15:31","2026-05-14 09:00","(Sin valor)","457:26:05","(Sin valor)","(Sin valor)","(Sin valor)","(Sin valor)","(Sin valor)","(Sin valor)","(Sin valor)","(Sin valor)","(Sin valor)","(Sin valor)","(Sin valor)","(Sin valor)","(Sin valor)","60186824858"
"60188678561","Venta D2D - Glass Metal SAS","Regulado","(Sin valor)","(Sin valor)","Reunión agendada (Sales MR)","Hector Steffan Camargo Rua","D2D","2026-05-11 11:14","(Sin valor)","(Sin valor)","485:42:55","(Sin valor)","(Sin valor)","(Sin valor)","(Sin valor)","(Sin valor)","(Sin valor)","(Sin valor)","(Sin valor)","(Sin valor)","(Sin valor)","(Sin valor)","(Sin valor)","(Sin valor)","60188678561"
"60191001427","CENTRO DE CUIDADOS CARDIONEUROVASCULARES PABON SAS","Regulado","(Sin valor)","(Sin valor)","Reunión agendada (Sales MR)","Andrés Toro García","Bia Network","2026-05-12 14:09","2026-05-28 09:43","(Sin valor)","458:47:46","(Sin valor)","(Sin valor)","(Sin valor)","(Sin valor)","(Sin valor)","(Sin valor)","(Sin valor)","(Sin valor)","(Sin valor)","(Sin valor)","(Sin valor)","(Sin valor)","(Sin valor)","60191001427"
"60191918008","Venta D2D - Cn Gomez naranjo","Regulado","(Sin valor)","(Sin valor)","Reunión agendada (Sales MR)","Hector Steffan Camargo Rua","D2D","2026-05-11 13:20","2026-05-11 13:21","(Sin valor)","483:36:32","(Sin valor)","(Sin valor)","(Sin valor)","(Sin valor)","(Sin valor)","(Sin valor)","(Sin valor)","(Sin valor)","(Sin valor)","(Sin valor)","(Sin valor)","(Sin valor)","(Sin valor)","60191918008"
"60194627462","Clon Hadas S.A.S.","Regulado","Bajo","3939","Análisis comercial (Sales MR)","Sebastian Mazorra Gomez","Performance","2026-05-11 14:42","2026-05-30 08:00","2026-06-30 09:40","433:53:14","(Sin valor)","452985","1410000","1092368.92195882","417721.87575705","1862985","1510090.79771587","512950.13221575","Sí","31564","9","12.41957923","(Sin valor)","60194627462"
"60195193621","EDIFICIO GRAN MANZANA CENTRO COMERCIAL","Regulado","Bajo","98000","Análisis comercial (Sales MR)","Simón Hernández Medina","Bia Network","2026-05-12 11:41","2026-05-29 10:54","2026-06-30 08:29","386:54:25","2026-06-01 15:30","11270000","6104506","11122172.05312338","4253118.59311438","17374506","15375290.64623776","0","No","321375.161475","12","7.23437348","(Sin valor)","60195193621"
"60195845243","Upselling - SITES GROUP SAS","Regulado","(Sin valor)","43389.5","Análisis comercial (Sales MR)","Daniela Dueñas Camacho","IA","2026-05-12 15:41","2026-05-29 09:21","(Sin valor)","455:33:13","2026-06-01 17:00","4989735","6472679","16904357.05312338","6464226.13711438","11462414","23368583.19023776","0","Sí","488451.39705","9","4.17726511","(Sin valor)","60195845243"
"60196325913","METROPOLIS","Regulado","Bajo","7515","Reunión agendada (Sales MR)","Yoli Marin","Comunidades Energéticas-Evolti","2026-05-11 12:48","2026-05-25 09:07","2026-05-31 13:07","484:08:43","(Sin valor)","864225","1459426","737567.05312338","282045.64111438","2323651","1019612.69423776","0","Sí","21312","6","4.44896136","(Sin valor)","60196325913"
"60198746908","Encanto Hotel Boutique ","Regulado","Won","3200.5","Documentos para firma (Sales MR)","Sebastian Mazorra Gomez","Referrals","2026-05-12 11:07","2026-05-30 08:00","2026-05-30 08:27","289:15:30","(Sin valor)","368000","2094737","546184.46097941","208860.93787853","2462737","755045.39885793","1248493.91325594","Sí","15782","6","12.16924532","(Sin valor)","60198746908"
"60198887859","INSTITUTO RADIOLOGICO DEL SUR S A S","Regulado","(Sin valor)","(Sin valor)","Reunión agendada (Sales MR)","Andrés Toro García","Bia Network","2026-05-12 14:14","2026-05-28 09:13","(Sin valor)","458:43:13","(Sin valor)","(Sin valor)","(Sin valor)","(Sin valor)","(Sin valor)","(Sin valor)","(Sin valor)","(Sin valor)","(Sin valor)","(Sin valor)","(Sin valor)","(Sin valor)","(Sin valor)","60198887859"
"60202209575","Venta D2D - CROM","Regulado","(Sin valor)","(Sin valor)","Reunión agendada (Sales MR)","Hector Steffan Camargo Rua","D2D","2026-05-11 13:32","(Sin valor)","(Sin valor)","483:25:00","(Sin valor)","(Sin valor)","(Sin valor)","(Sin valor)","(Sin valor)","(Sin valor)","(Sin valor)","(Sin valor)","(Sin valor)","(Sin valor)","(Sin valor)","(Sin valor)","(Sin valor)","60202209575"
"60202597193","IE Grupo","No regulado","Bajo","(Sin valor)","Carta de intención (Sales MNR)","Simón Hernández Medina","Awareness","2026-05-12 11:38","2026-05-29 11:03","2026-07-31 08:30","143:15:36","2026-06-01 16:00","(Sin valor)","(Sin valor)","(Sin valor)","(Sin valor)","(Sin valor)","(Sin valor)","(Sin valor)","No","(Sin valor)","(Sin valor)","(Sin valor)","(Sin valor)","60202597193"
"60204566826","CARACOL TV","No regulado","Medio","(Sin valor)","Carta de intención (Sales MNR)","Alexandra Murillo Fagua","ABM","2026-05-12 08:33","2026-05-22 17:00","2026-06-30 08:35","266:17:35","2026-06-01 18:00","(Sin valor)","(Sin valor)","(Sin valor)","(Sin valor)","(Sin valor)","(Sin valor)","(Sin valor)","No","(Sin valor)","(Sin valor)","(Sin valor)","(Sin valor)","60204566826"
"60207107172","Venta D2D - Casino centro","Regulado","(Sin valor)","(Sin valor)","Reunión agendada (Sales MR)","Hector Steffan Camargo Rua","D2D","2026-05-12 09:54","2026-05-18 09:12","(Sin valor)","463:02:46","(Sin valor)","(Sin valor)","(Sin valor)","(Sin valor)","(Sin valor)","(Sin valor)","(Sin valor)","(Sin valor)","(Sin valor)","(Sin valor)","(Sin valor)","(Sin valor)","(Sin valor)","60207107172"
"60207896199","Venta D2D - Parrillas caleña","Regulado","(Sin valor)","(Sin valor)","Reunión efectiva (Sales MR)","Hector Steffan Camargo Rua","D2D","2026-05-12 13:39","2026-05-12 13:40","(Sin valor)","459:17:31","(Sin valor)","(Sin valor)","(Sin valor)","(Sin valor)","(Sin valor)","(Sin valor)","(Sin valor)","(Sin valor)","(Sin valor)","(Sin valor)","(Sin valor)","(Sin valor)","(Sin valor)","60207896199"
"60210039612","Venta D2D - Llaneras Y Carbon","Regulado","(Sin valor)","(Sin valor)","Reunión agendada (Sales MR)","Hector Steffan Camargo Rua","D2D","2026-05-12 13:20","(Sin valor)","(Sin valor)","459:37:12","(Sin valor)","(Sin valor)","(Sin valor)","(Sin valor)","(Sin valor)","(Sin valor)","(Sin valor)","(Sin valor)","(Sin valor)","(Sin valor)","(Sin valor)","(Sin valor)","(Sin valor)","60210039612"
"60219435562","Unimos Empresa Municipal De Telecomunicaciones De Ipiales S.A. E.S.P.","Regulado","(Sin valor)","20285.5","Análisis comercial (Sales MR)","Daniela Dueñas Camacho","Comunidades Energéticas-Evolti","2026-05-12 22:33","(Sin valor)","(Sin valor)","261:44:20","2026-06-01 17:00","2332775","6020937","16904357.05312338","6464226.13711438","8353712","23368583.19023776","0","Sí","488451.39705","12","5.86217607","(Sin valor)","60219435562"
"60232346482","LABORATORIOS DE ESPECIALIDADES CLINIZAD SAS","Regulado","(Sin valor)","(Sin valor)","Reunión agendada (Sales MR)","Andrés Toro García","Bia Network","2026-05-13 09:31","2026-05-28 09:04","(Sin valor)","439:26:13","(Sin valor)","(Sin valor)","(Sin valor)","(Sin valor)","(Sin valor)","(Sin valor)","(Sin valor)","(Sin valor)","(Sin valor)","(Sin valor)","(Sin valor)","(Sin valor)","(Sin valor)","60232346482"
"60232915528","Venta D2D - Narcobollo","Regulado","Alto","34650.5","Reunión agendada (Sales MR)","Hector Steffan Camargo Rua","D2D","2026-05-13 10:15","(Sin valor)","2026-05-15 06:50","438:41:51","(Sin valor)","3984750","12945358","33808714.10624675","0","16930108","46737166.38047551","0","No","976902.7941","8","7.7259533","(Sin valor)","60232915528"
"60234085962","Beacons","Regulado","(Sin valor)","15542","Reunión efectiva (Sales MR)","Silvia Milena Uribe Gutierrez","Performance","2026-05-13 10:26","2026-05-25 17:45","2026-06-30 08:11","415:25:24","2026-05-31 17:45","1787330","6049227","1697265.51410279","649034.33259291","7836557","2346299.84669569","2725678.85097238","Sí","49042.48703","9","13.79978371","(Sin valor)","60234085962"
"60234679597","ALIANZAS PRODUCTIVAS TECNICAS APROTEK S A S","Regulado","Alto","73911","Análisis comercial (Sales MR)","Simón Hernández Medina","Awareness","2026-05-13 12:13","2026-05-27 16:45","2026-05-31 09:44","248:55:52","(Sin valor)","8499765","705000","546184.46097941","208860.93787853","9204765","755045.39885793","0","No","15782","12","(Sin valor)","(Sin valor)","60234679597"
"60234986558","Venta D2D - Freskypan","Regulado","(Sin valor)","(Sin valor)","Reunión agendada (Sales MR)","Hector Steffan Camargo Rua","D2D","2026-05-13 12:43","(Sin valor)","(Sin valor)","436:13:56","(Sin valor)","(Sin valor)","(Sin valor)","(Sin valor)","(Sin valor)","(Sin valor)","(Sin valor)","(Sin valor)","(Sin valor)","(Sin valor)","(Sin valor)","(Sin valor)","(Sin valor)","60234986558"
"60235144247","Venta D2D - Panadería Trigo apan","Regulado","(Sin valor)","(Sin valor)","Reunión agendada (Sales MR)","Hector Steffan Camargo Rua","D2D","2026-05-13 12:42","(Sin valor)","(Sin valor)","436:14:30","(Sin valor)","(Sin valor)","(Sin valor)","(Sin valor)","(Sin valor)","(Sin valor)","(Sin valor)","(Sin valor)","(Sin valor)","(Sin valor)","(Sin valor)","(Sin valor)","(Sin valor)","60235144247"
"60237057415","CLINICA OFTALMOLOGICA PAREDES SAS","Regulado","(Sin valor)","(Sin valor)","Reunión agendada (Sales MR)","Andrés Toro García","Bia Network","2026-05-13 14:30","2026-05-28 09:04","(Sin valor)","434:27:08","(Sin valor)","(Sin valor)","(Sin valor)","(Sin valor)","(Sin valor)","(Sin valor)","(Sin valor)","(Sin valor)","(Sin valor)","(Sin valor)","(Sin valor)","(Sin valor)","(Sin valor)","60237057415"
"60237380668","ENERGAS S.A EMPRESA DE SERVICIOS PUBLICOS DOMICILIARIOS-ENERGAS S.A E.S.P","Regulado","Alto","11567","Reunión agendada (Sales MR)","Andrea Pemberty","Comunidades energéticas","2026-05-13 15:41","2026-05-29 09:02","2026-05-30 15:55","433:16:18","(Sin valor)","1330205","1276189","546184.46097941","208860.93787853","2606394","755045.39885793","0","No","15782","9","4.13674664","(Sin valor)","60237380668"
"60237409890","Venta D2D - Panadería y Refresqueria Oasis","Regulado","(Sin valor)","(Sin valor)","Reunión agendada (Sales MR)","Hector Steffan Camargo Rua","D2D","2026-05-13 15:26","(Sin valor)","(Sin valor)","433:30:42","(Sin valor)","(Sin valor)","(Sin valor)","(Sin valor)","(Sin valor)","(Sin valor)","(Sin valor)","(Sin valor)","(Sin valor)","(Sin valor)","(Sin valor)","(Sin valor)","(Sin valor)","60237409890"
"60238569269","Venta D2D - Panadería sr HIt","Regulado","(Sin valor)","(Sin valor)","Reunión agendada (Sales MR)","Hector Steffan Camargo Rua","D2D","2026-05-13 14:26","(Sin valor)","(Sin valor)","434:31:20","(Sin valor)","(Sin valor)","(Sin valor)","(Sin valor)","(Sin valor)","(Sin valor)","(Sin valor)","(Sin valor)","(Sin valor)","(Sin valor)","(Sin valor)","(Sin valor)","(Sin valor)","60238569269"
"60250897288","FERRETERIA ARGENTINA LAS VIOLETAS","Regulado","(Sin valor)","1724.5","Reunión agendada (Sales MR)","Yoli Marin","KAM","2026-05-14 08:35","(Sin valor)","(Sin valor)","416:21:59","(Sin valor)","198260","1276189","(Sin valor)","208860.93787853","1474449","(Sin valor)","0","Sí","15782","18","12.17438035","(Sin valor)","60250897288"
"60251838564","Estación de servicio p900","Regulado","Alto","47960","Documentos para firma (Sales MR)","Juan Pablo Blanco Lugo","D2D","2026-05-14 09:34","2026-05-27 10:00","2026-05-30 11:25","402:28:53","(Sin valor)","5515400","10480308","16904357.05312338","0","15995708","23368583.19023776","0","No","488451.39705","15","12.97833113","(Sin valor)","60251838564"
"60252048232","PARCELACIÓN APOSENTOS P.H.","Regulado","Bajo","208190","Reunión efectiva (Sales MR)","Juan Pablo Blanco Lugo","Bia Network","2026-05-14 09:48","2026-05-27 17:24","2026-05-31 21:43","403:23:57","2026-06-03 08:00","23941850","8079020","16361252.05312338","6256542.78511438","32020870","22617794.83823776","0","No","472758.378075","12","6.89165801","(Sin valor)","60252048232"
"60252179998","ROJAS JIMENEZ SAS - PASTELERIA SABROPANES ","Regulado","Bajo","8391.5","Reunión agendada (Sales MR)","Andrés Toro García","KAM","2026-05-14 10:12","2026-05-28 19:00","(Sin valor)","414:44:53","(Sin valor)","964965","2918852","1475134.10624676","564091.28222876","3883817","2039225.38847551","0","Sí","42624","9","6.65980873","(Sin valor)","60252179998"
"60253000838","Venta D2D - Gráficas navarro","Regulado","(Sin valor)","(Sin valor)","Reunión agendada (Sales MR)","Hector Steffan Camargo Rua","D2D","2026-05-14 10:33","2026-05-14 10:34","(Sin valor)","414:23:34","(Sin valor)","(Sin valor)","(Sin valor)","(Sin valor)","(Sin valor)","(Sin valor)","(Sin valor)","(Sin valor)","(Sin valor)","(Sin valor)","(Sin valor)","(Sin valor)","(Sin valor)","60253000838"
"60253865476","CORTINEROS LIDER S.A.S. Y SU MARCA COMERCIAL NOVELTY HOME.","Regulado","Bajo","14819.5","Análisis comercial (Sales MR)","Sebastian Mazorra Gomez","Performance","2026-05-14 12:10","2026-05-27 18:00","2026-05-30 16:53","266:28:52","(Sin valor)","1704185","6049227","2243449.97508219","649034.33259291","7753412","2346299.84669569","2880287.35127781","Sí","49042.48703","9","14.31949992","(Sin valor)","60253865476"
"60254062630","Venta D2D - La porchetta","Regulado","Alto","10056","Reunión agendada (Sales MR)","Hector Steffan Camargo Rua","D2D","2026-05-14 12:58","2026-05-28 09:02","2026-05-16 09:32","411:58:51","(Sin valor)","1156440","2926314","1092368.92195882","0","4082754","1510090.79771587","0","No","31564","8","6.41983014","(Sin valor)","60254062630"
"60254995851","SENA","Regulado","Bajo","31260","Reunión efectiva (Sales MR)","Juan Pablo Blanco Lugo","Awareness","2026-05-14 15:06","2026-05-25 17:27","2026-06-30 17:26","409:20:25","2026-06-01 13:45","3594900","6723353","11915567.05312338","4556512.84111438","10318253","16472079.89423776","798130.2019026","No","344300.31","18","18.55271744","No","60254995851"
"60256442933","Venta D2D - Rematon","Regulado","(Sin valor)","(Sin valor)","Reunión agendada (Sales MR)","Hector Steffan Camargo Rua","D2D","2026-05-14 15:47","(Sin valor)","(Sin valor)","409:10:21","(Sin valor)","(Sin valor)","(Sin valor)","(Sin valor)","(Sin valor)","(Sin valor)","(Sin valor)","(Sin valor)","(Sin valor)","(Sin valor)","(Sin valor)","(Sin valor)","(Sin valor)","60256442933"
"60271253295","INTERNATIONAL BUSINESS AND CONSULTING GROUP S.A.S.","Regulado","(Sin valor)","70305.5","Reunión agendada (Sales MR)","Andrés Toro García","Awareness","2026-05-15 08:58","2026-05-28 08:21","(Sin valor)","391:58:29","(Sin valor)","8084500","40509108","30631226.30420488","11713380.93872794","48593608","42344607.24293283","0","Sí","885089.28406","15","14.79021848","(Sin valor)","60271253295"
"60271612856","COOPERATIVA DE TRABAJADORES RELACIONADOS CON LA MINERIA","Regulado","(Sin valor)","2059.5","Análisis comercial (Sales MR)","Daniela Dueñas Camacho","Bia Network","2026-05-15 10:10","2026-05-29 07:50","2026-06-30 15:11","385:29:34","2026-06-01 17:00","236785","1347139","546184.46097941","208860.93787853","1583924","755045.39885793","0","Sí","15782","18","16.65314972","(Sin valor)","60271612856"
"60271625754","Arroz Doña Ena SAS - MNR","No regulado","Alto","55000","Carta de intención (Sales MNR)","Simón Hernández Medina","Performance","2026-05-15 08:42","2026-05-29 08:19","2026-05-29 08:43","389:32:39","(Sin valor)","3300000","6104506","11915567.05312338","4556512.84111438","9404506","16472079.89423776","0","No","344300.31","12","(Sin valor)","(Sin valor)","60271625754"
"60271954478","Venta D2D - Merca premium","Regulado","(Sin valor)","(Sin valor)","Reunión agendada (Sales MR)","Hector Steffan Camargo Rua","D2D","2026-05-15 11:05","2026-05-27 09:03","(Sin valor)","389:51:46","(Sin valor)","(Sin valor)","(Sin valor)","(Sin valor)","(Sin valor)","(Sin valor)","(Sin valor)","(Sin valor)","(Sin valor)","(Sin valor)","(Sin valor)","(Sin valor)","(Sin valor)","60271954478"
"60273141785","PREVEA ASESORES Y CONSULTORES SAS EN LIQUIDACION","Regulado","(Sin valor)","7660","Reunión efectiva (Sales MR)","Sebastian Mazorra Gomez","Awareness","2026-05-15 11:31","2026-05-28 18:00","(Sin valor)","264:24:20","(Sin valor)","880900","2244563","1151081.05312338","440173.39471438","3125463","1591254.44783776","1002406.13688113","Sí","33260.48703","6","8.83291368","(Sin valor)","60273141785"
"60273209899","Caja de Compensación Familiar del Tolima – ComfaTolima","Regulado","(Sin valor)","44291.5","Análisis comercial (Sales MR)","Andrés Toro García","Performance","2026-05-15 11:44","2026-05-25 17:23","2026-06-04 16:46","287:11:08","(Sin valor)","5093465","17420016","14217729.15937013","5436859.63054314","22513481","19654588.78991327","0","Sí","410821.28406","12","10.91461459","(Sin valor)","60273209899"
"60274146062","FRIGORIFICO JONGOVITO S.A.  FRIGOVITO S.A.","Regulado","Bajo","35623.5","Reunión agendada (Sales MR)","Andrés Toro García","Bia Network","2026-05-15 14:16","(Sin valor)","(Sin valor)","386:40:33","(Sin valor)","4096645","5142675","16904357.05312338","6464226.13711438","9239320","23368583.19023776","0","Sí","488451.39705","9","3.69201868","(Sin valor)","60274146062"
"60274685504","Venta D2D - Autoservicio La 11","Regulado","(Sin valor)","(Sin valor)","Reunión agendada (Sales MR)","Hector Steffan Camargo Rua","D2D","2026-05-15 13:17","(Sin valor)","(Sin valor)","387:39:45","(Sin valor)","(Sin valor)","(Sin valor)","(Sin valor)","(Sin valor)","(Sin valor)","(Sin valor)","(Sin valor)","(Sin valor)","(Sin valor)","(Sin valor)","(Sin valor)","(Sin valor)","60274685504"
"60274772848","ETICOS S.A.S.","Regulado","(Sin valor)","24550","Reunión agendada (Sales MR)","Daniela Dueñas Camacho","Bia Network","2026-05-15 14:20","2026-05-29 19:00","(Sin valor)","386:36:35","(Sin valor)","2823250","6472679","16904357.05312338","6464226.13711438","9295929","23368583.19023776","0","Sí","488451.39705","9","5.98738094","(Sin valor)","60274772848"
"60274802541","MARCEGAGLIA COLOMBIA SAS","No regulado","Medio","(Sin valor)","Carta de intención (Sales MNR)","Alexandra Murillo Fagua","KAM","2026-05-15 13:37","2026-05-27 18:00","2026-07-31 14:17","263:05:56","2026-05-31 18:00","(Sin valor)","(Sin valor)","(Sin valor)","(Sin valor)","(Sin valor)","(Sin valor)","(Sin valor)","No","(Sin valor)","(Sin valor)","(Sin valor)","(Sin valor)","60274802541"
"60275068506","TERRAVOCADO S.A.S.","Regulado","(Sin valor)","(Sin valor)","Reunión agendada (Sales MR)","Daniela Dueñas Camacho","Awareness","2026-05-15 14:07","2026-05-27 12:08","(Sin valor)","386:49:39","(Sin valor)","(Sin valor)","(Sin valor)","(Sin valor)","(Sin valor)","(Sin valor)","(Sin valor)","(Sin valor)","(Sin valor)","(Sin valor)","(Sin valor)","(Sin valor)","(Sin valor)","60275068506"
"60275625131","Ergenia","Regulado","Bajo","13803","Análisis comercial (Sales MR)","Simón Hernández Medina","KAM","2026-05-15 15:17","2026-05-27 13:45","2026-06-30 15:37","385:18:19","2026-06-01 12:15","1587345","705000","546184.46097941","208860.93787853","2292345","755045.39885793","0","No","15782","12","(Sin valor)","(Sin valor)","60275625131"
"60275909134","GREEN ECONOMY SERVICES COLOMBIA S.A.S","Regulado","(Sin valor)","13498","Análisis comercial (Sales MR)","Daniela Dueñas Camacho","Awareness","2026-05-15 15:36","2026-05-29 09:31","2026-06-20 15:06","265:21:03","2026-06-02 17:00","1552270","2172680","1092368.92195882","0","3724950","1510090.79771587","0","Sí","31564","12","7.24660399","(Sin valor)","60275909134"
"60276744227","MOTORYSA ANDINA S.A.S","Regulado","Bajo","27000","Análisis comercial (Sales MR)","Silvia Milena Uribe Gutierrez","ABM","2026-05-15 15:47","2026-05-25 17:45","2026-06-30 08:11","266:06:38","2026-06-08 17:45","3105000","6935000","9578696.49247275","440173.39471438","10040000","1591254.44783776","2377397.77604927","No","33260.48703","9","11.31217975","(Sin valor)","60276744227"
"60277135246","ZONA FRANCA METROPOLITANA S A S USUARIO OPERADOR","No regulado","Bajo","1507625","Reunión agendada (Sales MNR)","Simón Hernández Medina","Bia Network","2026-05-15 16:09","2026-05-29 15:18","2026-07-31 09:42","384:47:55","(Sin valor)","90457500","14308549","22544387.05312338","8620973.60911438","104766049","31165360.66223776","0","No","651420.0639","15","2.856411","(Sin valor)","60277135246"
"60278715907","DIAGNOSTICARTE S.A.S","Regulado","(Sin valor)","49740","Análisis comercial (Sales MR)","Daniela Dueñas Camacho","Awareness","2026-05-15 17:14","2026-05-30 17:00","(Sin valor)","294:10:33","2026-06-03 17:00","5720100","4773038","1151081.05312338","440173.39471438","10493138","1591254.44783776","0","No","33260.48703","9","(Sin valor)","(Sin valor)","60278715907"
"60320180842","Venta D2D - Baq print","Regulado","(Sin valor)","(Sin valor)","Reunión efectiva (Sales MR)","Hector Steffan Camargo Rua","D2D","2026-05-19 09:39","2026-05-19 09:40","(Sin valor)","295:17:42","(Sin valor)","(Sin valor)","(Sin valor)","(Sin valor)","(Sin valor)","(Sin valor)","(Sin valor)","(Sin valor)","(Sin valor)","(Sin valor)","(Sin valor)","(Sin valor)","(Sin valor)","60320180842"
"60346218883","Venta D2D - Prueba Héctor","Regulado","(Sin valor)","(Sin valor)","Reunión agendada (Sales MR)","Hector Steffan Camargo Rua","D2D","2026-05-19 08:41","2026-05-27 19:00","(Sin valor)","296:15:58","(Sin valor)","(Sin valor)","(Sin valor)","(Sin valor)","(Sin valor)","(Sin valor)","(Sin valor)","(Sin valor)","(Sin valor)","(Sin valor)","(Sin valor)","(Sin valor)","(Sin valor)","60346218883"
"60346238557","Carmen Patricia Herrera Ramírez","Regulado","Bajo","12831","Reunión agendada (Sales MR)","Andrés Toro García","Bia Network","2026-05-19 08:40","2026-05-29 16:45","2026-05-28 10:37","296:16:29","(Sin valor)","1475450","4011804","1829935.97508219","699767.51687143","5487254","2529703.49195363","0","Sí","52876","9","6.08811405","(Sin valor)","60346238557"
"60346802185","Fundación de la mujer","Regulado","Bajo","30966.5","Análisis comercial (Sales MR)","Sebastian Mazorra Gomez","Bia Network","2026-05-19 09:52","2026-05-29 08:00","2026-06-30 18:29","147:34:38","(Sin valor)","3561090","1337369","546184.46097941","208860.93787853","4898459","755045.39885793","0","No","15782","6","3.63616616","(Sin valor)","60346802185"
"60347003906","PROMOTORA DE TURISMO DE NARINO LIMITADA","Regulado","(Sin valor)","(Sin valor)","Reunión agendada (Sales MR)","Andrés Toro García","Bia Network","2026-05-19 10:01","(Sin valor)","(Sin valor)","294:56:10","(Sin valor)","(Sin valor)","(Sin valor)","(Sin valor)","(Sin valor)","(Sin valor)","(Sin valor)","(Sin valor)","(Sin valor)","(Sin valor)","(Sin valor)","(Sin valor)","(Sin valor)","60347003906"
"60348845116","VASPORT S.A","Regulado","(Sin valor)","(Sin valor)","Reunión efectiva (Sales MR)","Juan Pablo Blanco Lugo","Awareness","2026-05-19 10:44","2026-05-27 11:30","(Sin valor)","289:47:46","(Sin valor)","(Sin valor)","(Sin valor)","(Sin valor)","(Sin valor)","(Sin valor)","(Sin valor)","(Sin valor)","(Sin valor)","(Sin valor)","(Sin valor)","(Sin valor)","(Sin valor)","60348845116"
"60349271909","Venta D2D - SANTA LLANERA COCINA Y CANTINA","Regulado","(Sin valor)","(Sin valor)","Reunión agendada (Sales MR)","Hector Steffan Camargo Rua","D2D","2026-05-19 11:01","(Sin valor)","(Sin valor)","293:55:32","(Sin valor)","(Sin valor)","(Sin valor)","(Sin valor)","(Sin valor)","(Sin valor)","(Sin valor)","(Sin valor)","(Sin valor)","(Sin valor)","(Sin valor)","(Sin valor)","(Sin valor)","60349271909"
"60350389048","Venta D2D - La consentida cocina show","Regulado","(Sin valor)","(Sin valor)","Reunión agendada (Sales MR)","Hector Steffan Camargo Rua","D2D","2026-05-19 10:59","2026-05-28 09:03","(Sin valor)","293:57:59","(Sin valor)","(Sin valor)","(Sin valor)","(Sin valor)","(Sin valor)","(Sin valor)","(Sin valor)","(Sin valor)","(Sin valor)","(Sin valor)","(Sin valor)","(Sin valor)","(Sin valor)","60350389048"
"60366343818","AGUA DE LOS PATIOS S.A. E.S.P.","Regulado","Bajo","3545.5","Análisis comercial (Sales MR)","Silvia Milena Uribe Gutierrez","Awareness","2026-05-19 11:41","2026-05-29 17:45","2026-05-30 10:37","265:13:05","2026-06-03 17:45","407675","2337409","546184.46097941","208860.93787853","2745084","755045.39885793","374165.38072639","Sí","15782","12","13.89377422","(Sin valor)","60366343818"
"60369899850","Venta D2D - Peluquería DYNAMIC","Regulado","(Sin valor)","(Sin valor)","Reunión agendada (Sales MR)","Hector Steffan Camargo Rua","D2D","2026-05-19 11:10","(Sin valor)","(Sin valor)","293:46:56","(Sin valor)","(Sin valor)","(Sin valor)","(Sin valor)","(Sin valor)","(Sin valor)","(Sin valor)","(Sin valor)","(Sin valor)","(Sin valor)","(Sin valor)","(Sin valor)","(Sin valor)","60369899850"
"60371620935","CUSTOMER OPERATION SUCCESS SAS","Regulado","(Sin valor)","98000","Reunión agendada (Sales MR)","Alexandra Murillo Fagua","Awareness","2026-05-19 12:44","(Sin valor)","(Sin valor)","292:03:54","(Sin valor)","11270000","7740000","10943567.05312338","4184820.04111438","19010000","15128387.09423776","0","No","316214.37","12","9.14745808","(Sin valor)","60371620935"
"60379081117","Ana Cristina López","Regulado","(Sin valor)","(Sin valor)","Reunión agendada (Sales MNR)","Andrés Toro García","Bia Network","2026-05-19 15:32","(Sin valor)","(Sin valor)","289:25:23","(Sin valor)","(Sin valor)","(Sin valor)","(Sin valor)","(Sin valor)","(Sin valor)","(Sin valor)","(Sin valor)","(Sin valor)","(Sin valor)","(Sin valor)","(Sin valor)","(Sin valor)","60379081117"
"60379580973","Servimagro","Regulado","Bajo","55000","Análisis comercial (Sales MR)","Simón Hernández Medina","KAM","2026-05-19 22:04","2026-05-27 15:15","2026-06-30 22:05","149:22:16","2026-06-01 12:45","6325000","7946080","11915567.05312338","4556512.84111438","14271080","16472079.89423776","18176194.0436608","No","344300.31","6","14.67808233","(Sin valor)","60379580973"
"60381402183","CORPORACION DE PADRES DE FAMILIA PARA EL DESARROLLO EDUCATIVO PEPEGRILLO ALBORADA","Regulado","(Sin valor)","81730","Análisis comercial (Sales MR)","Sebastian Mazorra Gomez","Bia Network","2026-05-19 15:33","2026-05-26 09:59","(Sin valor)","150:04:59","2026-06-02 08:00","9398950","12209012","35746701.15937013","9113025.68222876","21607962","32944159.78847551","9247307.83998858","No","688600.62","12","14.44935768","(Sin valor)","60381402183"
"60381567604","IL FILETTO","Regulado","Medio","6946.5","Análisis comercial (Sales MR)","Daniela Dueñas Camacho","Referido interno","2026-05-19 16:13","2026-05-28 16:42","2026-06-20 09:01","247:47:42","2026-06-01 17:00","798790","1410000","1092368.92195882","0","2208790","1510090.79771587","0","Sí","31564","12","8.76459483","(Sin valor)","60381567604"
"60382420552","ADIELA DE LOMBANA S A","Regulado","(Sin valor)","22621.5","Análisis comercial (Sales MR)","Alexandra Murillo Fagua","Referido interno","2026-05-20 07:55","(Sin valor)","(Sin valor)","73:51:23","(Sin valor)","2601415","6168556","3277106.76587645","1253165.62727115","8769971","4530272.3931476","0","Sí","94692","12","9.70083872","(Sin valor)","60382420552"
"60386744981","Venta D2D - Restaurante típico gourmed","Regulado","(Sin valor)","(Sin valor)","Reunión agendada (Sales MR)","Hector Steffan Camargo Rua","D2D","2026-05-19 14:27","2026-05-19 14:27","(Sin valor)","290:30:15","(Sin valor)","(Sin valor)","(Sin valor)","(Sin valor)","(Sin valor)","(Sin valor)","(Sin valor)","(Sin valor)","(Sin valor)","(Sin valor)","(Sin valor)","(Sin valor)","(Sin valor)","60386744981"
"60390315623","Venta D2D - Alkomercar","Regulado","(Sin valor)","(Sin valor)","Reunión agendada (Sales MR)","Hector Steffan Camargo Rua","D2D","2026-05-19 14:53","2026-05-21 10:00","(Sin valor)","290:03:56","(Sin valor)","(Sin valor)","(Sin valor)","(Sin valor)","(Sin valor)","(Sin valor)","(Sin valor)","(Sin valor)","(Sin valor)","(Sin valor)","(Sin valor)","(Sin valor)","(Sin valor)","60390315623"
"60392016251","ARQUITECTURA Y CONCRETO S A.S. MR","Regulado","(Sin valor)","37726","Reunión efectiva (Sales MR)","Alexandra Murillo Fagua","Referido interno","2026-05-20 08:11","2026-05-28 18:00","2026-07-31 08:36","267:50:54","(Sin valor)","4338490","7740000","11915567.05312338","4556512.84111438","12078490","16472079.89423776","0","Sí","344300.31","12","8.40727762","(Sin valor)","60392016251"
"60393366690","PERFITEC S.A.S.","Regulado","Medio","19060","Análisis comercial (Sales MR)","Alexandra Murillo Fagua","Referido interno","2026-05-20 07:55","(Sin valor)","2026-06-30 14:24","74:00:37","(Sin valor)","2191900","2949213","1283751.51410279","490906.57899291","5141113","1774658.09309569","0","No","37094","12","6.85508857","(Sin valor)","60393366690"
"60393963527","Venta D2D - Delicias del mar los amigos","Regulado","(Sin valor)","(Sin valor)","Reunión agendada (Sales MR)","Hector Steffan Camargo Rua","D2D","2026-05-20 09:30","2026-05-20 09:31","(Sin valor)","271:26:34","(Sin valor)","(Sin valor)","(Sin valor)","(Sin valor)","(Sin valor)","(Sin valor)","(Sin valor)","(Sin valor)","(Sin valor)","(Sin valor)","(Sin valor)","(Sin valor)","(Sin valor)","60393963527"
"60400442499","S.C.I EL GRAN LANGOSTINO SAS","Regulado","(Sin valor)","(Sin valor)","Reunión agendada (Sales MNR)","Daniela Dueñas Camacho","Bia Network","2026-05-19 16:18","(Sin valor)","(Sin valor)","288:38:28","(Sin valor)","(Sin valor)","(Sin valor)","(Sin valor)","(Sin valor)","(Sin valor)","(Sin valor)","(Sin valor)","(Sin valor)","(Sin valor)","(Sin valor)","(Sin valor)","(Sin valor)","60400442499"
"60401836679","A & Z INVERSIONES S.A.S","Regulado","(Sin valor)","70555.5","Análisis comercial (Sales MR)","Daniela Dueñas Camacho","Awareness","2026-05-19 16:07","2026-05-21 11:02","(Sin valor)","245:55:04","2026-06-01 17:00","8113825","12474277","5829363.59543174","2229148.6388931","20588102","8058512.23432483","0","No","168439.46109","9","7.80637937","(Sin valor)","60401836679"
"60402109705","Colgate Palmolive","No regulado","Bajo","1735939.5","Carta de intención (Sales MNR)","María Paula Pico Loaiza","Bia Network","2026-05-19 12:19","2026-05-29 08:00","2026-06-30 09:24","151:32:11","(Sin valor)","104156340","19487494","34459954.10624675","13177486.45022876","123643834","47637440.55647551","0","No","995720.3739","15","3.28181592","(Sin valor)","60402109705"
"60404280610","Josefa García","Regulado","Alto","3921","Documentos para firma (Sales MR)","Daniela Dueñas Camacho","Bia Network","2026-05-19 12:24","2026-05-29 17:13","2026-05-31 16:22","78:49:01","2026-06-02 08:00","450915","1347139","546184.46097941","0","1798054","755045.39885793","0","Sí","15782","15","12.61366375","(Sin valor)","60404280610"
"60418950471","Venta D2D - Maxipan las moras","Regulado","(Sin valor)","(Sin valor)","Reunión agendada (Sales MR)","Hector Steffan Camargo Rua","D2D","2026-05-20 09:24","(Sin valor)","(Sin valor)","271:33:04","(Sin valor)","(Sin valor)","(Sin valor)","(Sin valor)","(Sin valor)","(Sin valor)","(Sin valor)","(Sin valor)","(Sin valor)","(Sin valor)","(Sin valor)","(Sin valor)","(Sin valor)","60418950471"
"60418973590","Venta D2D - Casino silver gold","Regulado","(Sin valor)","(Sin valor)","Reunión agendada (Sales MR)","Hector Steffan Camargo Rua","D2D","2026-05-20 09:28","(Sin valor)","(Sin valor)","271:28:53","(Sin valor)","(Sin valor)","(Sin valor)","(Sin valor)","(Sin valor)","(Sin valor)","(Sin valor)","(Sin valor)","(Sin valor)","(Sin valor)","(Sin valor)","(Sin valor)","(Sin valor)","60418973590"
"60420884282","Venta D2D - Hotel Skal Inn","Regulado","Medio","3981.5","Reunión agendada (Sales MR)","Hector Steffan Camargo Rua","D2D","2026-05-20 10:47","(Sin valor)","2026-05-21 10:55","270:10:03","(Sin valor)","457815","1119537","546184.46097941","208860.93787853","1577352","755045.39885793","66757.70989747","Sí","15782","6","6.26515807","(Sin valor)","60420884282"
"60425663356","JMVRINGENIERIA SAS","Regulado","(Sin valor)","(Sin valor)","Reunión efectiva (Sales MR)","Sebastian Mazorra Gomez","Performance","2026-05-20 10:46","2026-05-21 15:00","(Sin valor)","217:51:26","2026-06-01 18:00","(Sin valor)","(Sin valor)","(Sin valor)","(Sin valor)","(Sin valor)","(Sin valor)","(Sin valor)","(Sin valor)","(Sin valor)","(Sin valor)","(Sin valor)","(Sin valor)","60425663356"
"60440401004","Venta D2D - El kiosko del sabor","Regulado","Bajo","3738.5","Reunión agendada (Sales MR)","Hector Steffan Camargo Rua","D2D","2026-05-20 11:21","(Sin valor)","2026-05-30 11:23","269:35:24","(Sin valor)","429870","1350917","546184.46097941","208860.93787853","1780787","755045.39885793","0","Sí","15782","9","7.53300523","(Sin valor)","60440401004"
"60445251451","EDIFICIO PARKE 475 PROPIEDAD HORIZONTAL","Regulado","(Sin valor)","19560","Reunión agendada (Sales MR)","Sebastian Mazorra Gomez","Bia Network","2026-05-20 17:11","(Sin valor)","(Sin valor)","263:45:41","(Sin valor)","2249400","1271444","1151081.05312338","440173.39471438","3520844","1591254.44783776","0","No","33260.48703","6","5.65781512","(Sin valor)","60445251451"
"60451046743","DIGITOS Y DISEÑOS INDUSTRIA GRAFICA SAS","Regulado","Alto","19532.5","Documentos para firma (Sales MR)","Silvia Milena Uribe Gutierrez","Bia Network","2026-05-21 08:30","2026-05-29 17:45","2026-05-30 14:11","239:03:56","2026-06-03 17:45","2246180","2820000","2730922.30489704","0","5066180","3020181.59543174","0","No","63128","12","10.87151194","(Sin valor)","60451046743"
"60451211568","FEDERACIÓN HANDICAP INTERNATIONAL","Regulado","(Sin valor)","3996","Reunión agendada (Sales MR)","Juan Pablo Blanco Lugo","Performance","2026-05-21 11:32","2026-05-21 12:18","(Sin valor)","245:24:29","2026-06-01 17:00","459540","3588271","1092368.92195882","208860.93787853","4047811","755045.39885793","2940273.76435731","Sí","15782","6","21.92871284","No","60451211568"
"60451873659","ACCESORIOS Y PLASTICOS SAS","Regulado","Bajo","11440","Reunión efectiva (Sales MR)","Silvia Milena Uribe Gutierrez","Awareness","2026-05-20 12:34","2026-05-27 17:45","2026-05-30 13:55","245:57:49","2026-06-03 17:45","1315600","979160","546184.46097941","208860.93787853","2294760","755045.39885793","0","No","15782","9","7.00050886","(Sin valor)","60451873659"
"60454347833","LABORATORIOS CERO S.A.S.","Regulado","(Sin valor)","(Sin valor)","Reunión agendada (Sales MNR)","Silvia Milena Uribe Gutierrez","Performance","2026-05-20 11:49","(Sin valor)","(Sin valor)","269:07:33","(Sin valor)","(Sin valor)","(Sin valor)","(Sin valor)","(Sin valor)","(Sin valor)","(Sin valor)","(Sin valor)","(Sin valor)","(Sin valor)","(Sin valor)","(Sin valor)","(Sin valor)","60454347833"
"60456535953","SUCESORES DE JENARO GOMEZ E LIMITADA","Regulado","(Sin valor)","(Sin valor)","Reunión agendada (Sales MR)","Andrés Toro García","Bia Network","2026-05-20 14:32","2026-05-25 08:00","(Sin valor)","266:25:22","(Sin valor)","(Sin valor)","(Sin valor)","(Sin valor)","(Sin valor)","(Sin valor)","(Sin valor)","(Sin valor)","(Sin valor)","(Sin valor)","(Sin valor)","(Sin valor)","(Sin valor)","60456535953"
"60457002912","MEDICAL TOWER LAURELES","Regulado","Alto","30855","Análisis comercial (Sales MR)","Alexandra Murillo Fagua","Performance","2026-05-20 14:58","2026-05-28 18:00","2026-05-31 09:36","216:28:24","(Sin valor)","3548325","6349819","11915567.05312338","0","9898144","16472079.89423776","0","No","344300.31","12","8.77974908","(Sin valor)","60457002912"
"60465060615","Materiales y Agregados EMT S.A.S","No regulado","Bajo","78643","Análisis comercial (Sales MNR)","Simón Hernández Medina","Bia Network","2026-05-20 16:55","2026-05-29 11:10","2026-06-30 09:43","73:48:53","(Sin valor)","4718580","6520019","11915567.05312338","4556512.84111438","11238599","16472079.89423776","0","No","344300.31","15","(Sin valor)","(Sin valor)","60465060615"
"60472691471","COLOMBIANA DE PET S.A.S.","Regulado","Bajo","42875.5","Reunión agendada (Sales MR)","Andrés Toro García","Bia Network","2026-05-20 14:28","2026-05-22 16:45","(Sin valor)","266:29:05","(Sin valor)","4930625","1397169","546184.46097941","208860.93787853","6327794","755045.39885793","0","Sí","15782","9","4.13975282","(Sin valor)","60472691471"
"60512445526","COCINA BOTÁNICA SAS","Regulado","Medio","1800","Análisis comercial (Sales MR)","Sebastian Mazorra Gomez","Performance","2026-05-21 10:10","2026-05-26 09:50","2026-05-30 11:12","218:04:47","2026-06-01 18:00","207000","705000","546184.46097941","208860.93787853","912000","755045.39885793","295076.22188077","Sí","15782","9","13.30472303","(Sin valor)","60512445526"
"60524887931","Soluciones Adhesivas LG MR","Regulado","(Sin valor)","74031.5","Reunión agendada (Sales MR)","Daniela Dueñas Camacho","BDR","2026-05-22 09:55","2026-05-29 07:57","(Sin valor)","223:02:21","(Sin valor)","8513565","6470799","11915567.05312338","4556512.84111438","14984364","16472079.89423776","0","Sí","344300.31","6","5.67741851","(Sin valor)","60524887931"
"60530380070","PACTIA S.A.S","No regulado","Bajo","85538","Carta de intención (Sales MNR)","Simón Hernández Medina","KAM","2026-05-22 17:07","2026-05-26 08:00","2026-06-30 09:41","143:15:19","2026-06-01 14:45","5132280","10480308","11317787.05312338","4327921.76911438","15612588","15645708.82223776","0","No","327027.4569","15","(Sin valor)","(Sin valor)","60530380070"
"60531365991","Venta D2D - Restaurante sabor oriental","Regulado","(Sin valor)","(Sin valor)","Reunión agendada (Sales MR)","Hector Steffan Camargo Rua","D2D","2026-05-21 14:26","2026-05-25 10:00","(Sin valor)","242:30:28","(Sin valor)","(Sin valor)","(Sin valor)","(Sin valor)","(Sin valor)","(Sin valor)","(Sin valor)","(Sin valor)","(Sin valor)","(Sin valor)","(Sin valor)","(Sin valor)","(Sin valor)","60531365991"
"60534104890","Venta D2D - Tienda Hermanos florian","Regulado","(Sin valor)","(Sin valor)","Reunión agendada (Sales MR)","Hector Steffan Camargo Rua","D2D","2026-05-21 10:33","2026-05-21 10:34","(Sin valor)","246:23:26","(Sin valor)","(Sin valor)","(Sin valor)","(Sin valor)","(Sin valor)","(Sin valor)","(Sin valor)","(Sin valor)","(Sin valor)","(Sin valor)","(Sin valor)","(Sin valor)","(Sin valor)","60534104890"
"60534822702","Venta D2D - La esquinita casino","Regulado","(Sin valor)","(Sin valor)","Reunión agendada (Sales MR)","Hector Steffan Camargo Rua","D2D","2026-05-22 14:19","(Sin valor)","(Sin valor)","218:38:05","(Sin valor)","(Sin valor)","(Sin valor)","(Sin valor)","(Sin valor)","(Sin valor)","(Sin valor)","(Sin valor)","(Sin valor)","(Sin valor)","(Sin valor)","(Sin valor)","(Sin valor)","60534822702"
"60535135830","MASIVO CAPITAL S A S","No regulado","Bajo","(Sin valor)","Reunión efectiva (Sales MNR)","María Paula Pico Loaiza","Partnerships","2026-05-22 15:52","(Sin valor)","2026-06-30 09:22","100:42:54","(Sin valor)","(Sin valor)","(Sin valor)","(Sin valor)","(Sin valor)","(Sin valor)","(Sin valor)","(Sin valor)","(Sin valor)","(Sin valor)","(Sin valor)","(Sin valor)","(Sin valor)","60535135830"
"60536207217","Venta D2D - la sandwichera mrk","Regulado","(Sin valor)","2868","Reunión efectiva (Sales MR)","Hector Steffan Camargo Rua","D2D","2026-05-22 15:55","(Sin valor)","2026-05-26 12:02","150:42:44","(Sin valor)","329820","390000","546184.46097941","208860.93787853","719820","755045.39885793","0","Sí","15782","9","3.96862763","(Sin valor)","60536207217"
"60538058554","INTEGRAL DE EMPAQUES S.A.S","No regulado","Bajo","(Sin valor)","Carta de intención (Sales MNR)","Alexandra Murillo Fagua","Bia Network","2026-05-22 12:10","2026-05-27 09:43","2026-06-30 10:54","119:15:57","2026-06-03 18:00","(Sin valor)","(Sin valor)","(Sin valor)","(Sin valor)","(Sin valor)","(Sin valor)","(Sin valor)","No","(Sin valor)","(Sin valor)","(Sin valor)","(Sin valor)","60538058554"
"60538073623","Surticarnes Santa Anita","Regulado","(Sin valor)","(Sin valor)","Reunión agendada (Sales MR)","Andrés Toro García","Bia Network","2026-05-22 15:30","(Sin valor)","(Sin valor)","217:27:17","(Sin valor)","(Sin valor)","(Sin valor)","(Sin valor)","(Sin valor)","(Sin valor)","(Sin valor)","(Sin valor)","(Sin valor)","(Sin valor)","(Sin valor)","(Sin valor)","(Sin valor)","60538073623"
"60539451468","Upselling - INVERSIONES PASTO SAS","Regulado","(Sin valor)","2877.5","Reunión agendada (Sales MR)","Daniela Dueñas Camacho","Performance","2026-05-22 10:20","(Sin valor)","(Sin valor)","222:36:50","(Sin valor)","330855","2552378","1092368.92195882","417721.87575705","2883233","1510090.79771587","457925.91288348","Sí","31564","12","14.26573822","(Sin valor)","60539451468"
"60539468582","LACTEOS ANDINOS DE NARIÑO SAS","Regulado","(Sin valor)","(Sin valor)","Reunión agendada (Sales MR)","Andrés Toro García","Bia Network","2026-05-22 14:44","(Sin valor)","(Sin valor)","218:12:38","(Sin valor)","(Sin valor)","(Sin valor)","(Sin valor)","(Sin valor)","(Sin valor)","(Sin valor)","(Sin valor)","(Sin valor)","(Sin valor)","(Sin valor)","(Sin valor)","(Sin valor)","60539468582"
"60540447885","COOPERATIVA DE LOS EDUCADORES DE CORDOBA.","Regulado","(Sin valor)","9798","Análisis comercial (Sales MR)","Daniela Dueñas Camacho","Bia Network","2026-05-21 12:44","2026-05-22 06:41","2026-06-22 06:13","226:16:14","(Sin valor)","1126770","2955755.91","1697265.51410279","0","4082525.91","2346299.84669569","0","Sí","49042.48703","15","9.02007001","(Sin valor)","60540447885"
"60541699508","Venta D2D - Surti J2000","Regulado","Alto","1676","Documentos para firma (Sales MR)","Hector Steffan Camargo Rua","D2D","2026-05-21 15:57","(Sin valor)","2026-05-27 16:02","119:42:39","(Sin valor)","192740","390000","546184.46097941","208860.93787853","582740","755045.39885793","0","Sí","15782","9","5.49789453","(Sin valor)","60541699508"
"60542097194","Venta D2D - Dollar king","Regulado","(Sin valor)","(Sin valor)","Reunión agendada (Sales MR)","Hector Steffan Camargo Rua","D2D","2026-05-22 14:50","2026-05-22 14:50","(Sin valor)","218:07:01","(Sin valor)","(Sin valor)","(Sin valor)","(Sin valor)","(Sin valor)","(Sin valor)","(Sin valor)","(Sin valor)","(Sin valor)","(Sin valor)","(Sin valor)","(Sin valor)","(Sin valor)","60542097194"
"60542627228","ALEXANDER ERASO BENAVIDES","Regulado","(Sin valor)","2428","Reunión efectiva (Sales MR)","Juan Pablo Blanco Lugo","Awareness","2026-05-21 15:28","2026-05-27 11:00","(Sin valor)","95:40:14","(Sin valor)","279220","2918852","1475134.10624676","564091.28222876","3198072","2039225.38847551","639571.12777246","Sí","42624","15","18.74968288","(Sin valor)","60542627228"
"60543503446","INDUSTRIA DE ALIMENTOS GRANSOLI Y CIA S EN C.A","Regulado","(Sin valor)","(Sin valor)","Reunión agendada (Sales MR)","Daniela Dueñas Camacho","Performance","2026-05-22 17:24","2026-05-29 17:34","(Sin valor)","215:32:45","2026-06-03 17:00","(Sin valor)","(Sin valor)","(Sin valor)","(Sin valor)","(Sin valor)","(Sin valor)","(Sin valor)","(Sin valor)","(Sin valor)","(Sin valor)","(Sin valor)","(Sin valor)","60543503446"
"60544245800","Marriott International","No regulado","Medio","136000","Carta de intención (Sales MNR)","Simón Hernández Medina","KAM","2026-05-22 10:13","2026-05-27 15:00","2026-06-30 09:41","222:36:05","2026-06-01 13:30","8160000","7740000","10943567.05312338","4184820.04111438","15900000","15128387.09423776","0","No","316214.37","12","6.99417244","(Sin valor)","60544245800"
"60546415531","LEROD S A S","Regulado","Medio","5640.5","Análisis comercial (Sales MR)","Juan Pablo Blanco Lugo","Performance","2026-05-22 12:29","2026-05-27 12:30","2026-06-12 18:00","141:16:51","(Sin valor)","648600","705000","546184.46097941","208860.93787853","1353600","755045.39885793","0","Sí","15782","9","6.41634024","(Sin valor)","60546415531"
"60546778712","INDUSTRIA DE ALIMENTOS GRANSOLI Y CIA S EN C.A","Regulado","(Sin valor)","6427","Análisis comercial (Sales MR)","Daniela Dueñas Camacho","Performance","2026-05-21 16:49","2026-05-29 17:00","2026-06-22 13:16","219:33:06","(Sin valor)","739105","1746760","737567.05312338","0","2485865","1019612.69423776","0","Sí","21312","12","6.59993766","(Sin valor)","60546778712"
"60547857249","Upselling - MARTA ELENA HERRERA ZAPATA ","Regulado","Bajo","9388","Reunión agendada (Sales MR)","Andrés Toro García","Comunidades energéticas","2026-05-21 15:55","(Sin valor)","(Sin valor)","241:01:24","(Sin valor)","1079620","4715928","2302162.10624676","880346.78942876","5795548","3182508.89567551","0","Sí","66520.97406","15","13.36410318","(Sin valor)","60547857249"
"60548722555","THE WHITE HOUSE CARTAGENA S.A.S.","Regulado","Medio","13520","Análisis comercial (Sales MR)","Andrés Toro García","Awareness","2026-05-22 16:10","2026-05-29 19:00","2026-05-29 10:26","126:38:41","(Sin valor)","1554800","1271444","1151081.05312338","440173.39471438","2826244","1591254.44783776","0","Sí","33260.48703","9","(Sin valor)","(Sin valor)","60548722555"
"60551500840","MILSEN S A S","Regulado","Medio","25648","Análisis comercial (Sales MR)","Silvia Milena Uribe Gutierrez","Performance","2026-05-22 12:47","2026-05-29 17:45","2026-06-11 11:37","145:00:05","2026-06-12 17:45","2949520","1410000","1092368.92195882","0","4359520","1510090.79771587","0","No","31564","8","6.00951336","(Sin valor)","60551500840"
"60551648836","LA CAVA DEL CERDO SAS","Regulado","(Sin valor)","(Sin valor)","Reunión agendada (Sales MR)","Andrés Toro García","Bia Network","2026-05-22 15:29","(Sin valor)","(Sin valor)","217:27:53","(Sin valor)","(Sin valor)","(Sin valor)","(Sin valor)","(Sin valor)","(Sin valor)","(Sin valor)","(Sin valor)","(Sin valor)","(Sin valor)","(Sin valor)","(Sin valor)","(Sin valor)","60551648836"
"60553424645","Empresa Colombiana De Productos Veterinarios S.A Vecol S.A","No regulado","(Sin valor)","(Sin valor)","Reunión efectiva (Sales MNR)","Alexandra Murillo Fagua","Bia Network","2026-05-21 14:14","2026-05-28 19:00","2026-07-31 10:54","75:34:43","2026-05-31 19:00","(Sin valor)","(Sin valor)","(Sin valor)","(Sin valor)","(Sin valor)","(Sin valor)","(Sin valor)","(Sin valor)","(Sin valor)","(Sin valor)","(Sin valor)","(Sin valor)","60553424645"
"60555751587","Venta D2D - Yo amo Bazurto","Regulado","(Sin valor)","(Sin valor)","Reunión agendada (Sales MR)","Hector Steffan Camargo Rua","D2D","2026-05-21 15:48","(Sin valor)","(Sin valor)","241:08:36","(Sin valor)","(Sin valor)","(Sin valor)","(Sin valor)","(Sin valor)","(Sin valor)","(Sin valor)","(Sin valor)","(Sin valor)","(Sin valor)","(Sin valor)","(Sin valor)","(Sin valor)","60555751587"
"60561840131","Venta D2D - Globos Rumatex","Regulado","Alto","8320","Reunión agendada (Sales MR)","Hector Steffan Camargo Rua","D2D","2026-05-21 15:55","(Sin valor)","2026-05-26 08:49","241:01:43","(Sin valor)","956800","1271444","737567.05312338","282045.64111438","2228244","1019612.69423776","0","Sí","21312","9","4.23482052","(Sin valor)","60561840131"
"60562382127","TOPGEAR BOGOTA S.A.S.","Regulado","Bajo","40800","Reunión efectiva (Sales MR)","Andrés Toro García","Awareness","2026-05-22 13:11","2026-05-29 16:45","(Sin valor)","215:17:50","2026-06-03 16:45","4692000","7740000","11915567.05312338","4556512.84111438","12432000","16472079.89423776","0","Sí","344300.31","9","8.00136981","(Sin valor)","60562382127"
"60563548673","TECNOMECANIZADOS SAS","Regulado","Bajo","15632.5","Análisis comercial (Sales MR)","Andrés Toro García","Awareness","2026-05-21 16:16","2026-05-28 19:00","(Sin valor)","144:30:05","(Sin valor)","1797680","7740000","11915567.05312338","4556512.84111438","9537680","16472079.89423776","0","Sí","344300.31","18","16.3156582","(Sin valor)","60563548673"
"60564385451","DIGITAL METAVERSO SE SAS","Regulado","(Sin valor)","(Sin valor)","Reunión agendada (Sales MR)","María Paula Pico Loaiza","Referido interno","2026-05-22 15:41","2026-05-26 19:00","(Sin valor)","217:15:26","(Sin valor)","(Sin valor)","(Sin valor)","(Sin valor)","(Sin valor)","(Sin valor)","(Sin valor)","(Sin valor)","(Sin valor)","(Sin valor)","(Sin valor)","(Sin valor)","(Sin valor)","60564385451"
"60564616497","PROTON LAB S.A.S","Regulado","(Sin valor)","2491.5","Reunión efectiva (Sales MR)","Silvia Milena Uribe Gutierrez","Awareness","2026-05-21 17:28","2026-05-28 16:45","2026-06-30 14:04","119:25:08","2026-06-04 17:45","286465","2106943","546184.46097941","208860.93787853","2393408","755045.39885793","1301210.73073154","Sí","15782","12","26.29643637","(Sin valor)","60564616497"
"60591316370","FRAME INGENIEROS SAS","Regulado","(Sin valor)","4140","Reunión efectiva (Sales MR)","Silvia Milena Uribe Gutierrez","Performance","2026-05-23 16:47","2026-05-28 16:45","2026-06-30 14:08","98:49:30","2026-06-04 17:45","476100","7199960","1151081.05312338","440173.39471438","7676060","1591254.44783776","5784160.41376769","Sí","33260.48703","12","48.68795399","(Sin valor)","60591316370"
"60606207568","ONDAS DEL META S.A.S.","Regulado","(Sin valor)","2400.5","Reunión efectiva (Sales MR)","Sebastian Mazorra Gomez","Awareness","2026-05-24 17:53","2026-05-27 11:00","2026-06-30 12:00","98:59:09","(Sin valor)","276000","2641580","(Sin valor)","208860.93787853","2917580","(Sin valor)","1691145.23441882","Sí","15782","9","21.4102052","(Sin valor)","60606207568"
"60608918442","Soluciones Adhesivas LG","No regulado","(Sin valor)","74034","Reunión agendada (Sales MNR)","Daniela Dueñas Camacho","KAM","2026-05-24 21:05","(Sin valor)","(Sin valor)","163:52:05","(Sin valor)","4442040","6470799","11915567.05312338","4556512.84111438","10912839","16472079.89423776","0","No","344300.31","15","11.18695052","(Sin valor)","60608918442"
"60615039845","CONSTRUCTORA COLPATRIA S.A.S","Regulado","(Sin valor)","10000","Reunión agendada (Sales MR)","Sebastian Mazorra Gomez","Bia Network","2026-05-25 15:19","2026-05-30 19:00","(Sin valor)","145:38:18","(Sin valor)","1150000","1347139","546184.46097941","208860.93787853","2497139","755045.39885793","0","Sí","15782","9","6.86875584","(Sin valor)","60615039845"
"60623039585","World Trade Center","Regulado","Medio","38447","Análisis comercial (Sales MR)","Simón Hernández Medina","KAM","2026-05-25 09:14","2026-05-28 13:00","2026-05-31 09:25","150:37:02","(Sin valor)","4421405","8248340","4604324.21249351","1760693.57885752","12669745","6365017.79135103","0","No","133041.94812","15","13.61822084","(Sin valor)","60623039585"
"60623387297","B.S. INYECTORA DE GANCHOS S.A.S","Regulado","(Sin valor)","6836.5","Análisis comercial (Sales MR)","Sebastian Mazorra Gomez","Performance","2026-05-25 08:42","2026-05-29 09:05","2026-05-31 12:52","124:39:36","(Sin valor)","786140","705000","546184.46097941","0","1491140","755045.39885793","0","No","15782","6","5.72795861","(Sin valor)","60623387297"
"60623647622","Venta D2D - Panadería y repostería Alma dulce","Regulado","(Sin valor)","(Sin valor)","Reunión efectiva (Sales MR)","Hector Steffan Camargo Rua","D2D","2026-05-25 09:41","2026-05-25 09:42","(Sin valor)","151:15:36","(Sin valor)","(Sin valor)","(Sin valor)","(Sin valor)","(Sin valor)","(Sin valor)","(Sin valor)","(Sin valor)","(Sin valor)","(Sin valor)","(Sin valor)","(Sin valor)","(Sin valor)","60623647622"
"60624386718","UPSELLING - SUPPLIES 4 PETS S.A.S.","Regulado","(Sin valor)","20069","Reunión agendada (Sales MR)","Andrés Felipe Peláez Álvarez","Upselling Outbound","2026-05-25 09:42","(Sin valor)","(Sin valor)","151:15:02","(Sin valor)","(Sin valor)","(Sin valor)","(Sin valor)","(Sin valor)","(Sin valor)","(Sin valor)","(Sin valor)","(Sin valor)","(Sin valor)","(Sin valor)","(Sin valor)","(Sin valor)","60624386718"
"60624740905","Venta D2D - Restaurante Estrella","Regulado","(Sin valor)","(Sin valor)","Documentos para firma (Sales MR)","Hector Steffan Camargo Rua","D2D","2026-05-25 10:23","(Sin valor)","(Sin valor)","143:22:11","(Sin valor)","(Sin valor)","(Sin valor)","(Sin valor)","(Sin valor)","(Sin valor)","(Sin valor)","(Sin valor)","(Sin valor)","(Sin valor)","(Sin valor)","(Sin valor)","(Sin valor)","60624740905"
"60624856857","TIENDA DEL TRIPLEX SAS","Regulado","(Sin valor)","6502","Análisis comercial (Sales MR)","Juan Pablo Blanco Lugo","Bia Network","2026-05-25 10:52","2026-05-29 08:00","2026-06-05 17:34","95:24:06","(Sin valor)","747730","5856595","13830747.91797889","649034.33259291","6604325","2346299.84669569","3753475.28310577","Sí","49042.48703","12","27.79939592","(Sin valor)","60624856857"
"60625306216","Venta D2D - Cabecitas alegres","Regulado","(Sin valor)","(Sin valor)","Reunión agendada (Sales MR)","Hector Steffan Camargo Rua","D2D","2026-05-25 11:20","(Sin valor)","(Sin valor)","149:36:37","(Sin valor)","(Sin valor)","(Sin valor)","(Sin valor)","(Sin valor)","(Sin valor)","(Sin valor)","(Sin valor)","(Sin valor)","(Sin valor)","(Sin valor)","(Sin valor)","(Sin valor)","60625306216"
"60625537170","FUNDACIÓN SIS DIAGNÓSTICOS","Regulado","Bajo","4980","Reunión efectiva (Sales MR)","Andrés Toro García","Performance","2026-05-25 10:55","2026-05-28 15:00","(Sin valor)","73:28:09","(Sin valor)","572700","705000","546184.46097941","208860.93787853","1277700","755045.39885793","0","Sí","15782","9","6.73725611","(Sin valor)","60625537170"
"60625668758","Conjunto Mixto Urbanización Rio Místico P.H.","Regulado","(Sin valor)","(Sin valor)","Reunión efectiva (Sales MR)","Silvia Milena Uribe Gutierrez","Bia Network","2026-05-25 11:04","2026-05-29 16:45","(Sin valor)","78:16:48","2026-06-01 17:45","(Sin valor)","(Sin valor)","(Sin valor)","(Sin valor)","(Sin valor)","(Sin valor)","(Sin valor)","(Sin valor)","(Sin valor)","(Sin valor)","(Sin valor)","(Sin valor)","60625668758"
"60625852715","Venta D2D - Panadería y loncheria la 37","Regulado","(Sin valor)","(Sin valor)","Reunión agendada (Sales MR)","Hector Steffan Camargo Rua","D2D","2026-05-25 11:31","(Sin valor)","(Sin valor)","149:26:21","(Sin valor)","(Sin valor)","(Sin valor)","(Sin valor)","(Sin valor)","(Sin valor)","(Sin valor)","(Sin valor)","(Sin valor)","(Sin valor)","(Sin valor)","(Sin valor)","(Sin valor)","60625852715"
"60625952110","COMERCIALIZADORA DE TECNOLOGIA Y SERVICIOS S.A.S.","Regulado","(Sin valor)","3188","Análisis comercial (Sales MR)","Sebastian Mazorra Gomez","Bia Network","2026-05-25 11:43","2026-05-27 08:52","2026-05-30 13:19","143:26:44","2026-06-02 18:00","366620","1119537","546184.46097941","208860.93787853","1486157","755045.39885793","0","Sí","15782","9","10.09171024","(Sin valor)","60625952110"
"60625981784","Venta D2D - Peluquería marco polo","Regulado","(Sin valor)","(Sin valor)","Reunión efectiva (Sales MR)","Hector Steffan Camargo Rua","D2D","2026-05-25 11:45","2026-05-25 11:45","(Sin valor)","149:12:08","(Sin valor)","(Sin valor)","(Sin valor)","(Sin valor)","(Sin valor)","(Sin valor)","(Sin valor)","(Sin valor)","(Sin valor)","(Sin valor)","(Sin valor)","(Sin valor)","(Sin valor)","60625981784"
"60626800429","Venta D2D - Restaurante el guandu","Regulado","(Sin valor)","(Sin valor)","Reunión agendada (Sales MR)","Hector Steffan Camargo Rua","D2D","2026-05-25 11:54","2026-05-25 11:55","(Sin valor)","149:02:49","(Sin valor)","(Sin valor)","(Sin valor)","(Sin valor)","(Sin valor)","(Sin valor)","(Sin valor)","(Sin valor)","(Sin valor)","(Sin valor)","(Sin valor)","(Sin valor)","(Sin valor)","60626800429"
"60627274000","MACORAC S.A.S.","Regulado","(Sin valor)","(Sin valor)","Reunión efectiva (Sales MR)","Sebastian Mazorra Gomez","Awareness","2026-05-25 13:07","2026-05-27 12:00","(Sin valor)","100:29:40","(Sin valor)","(Sin valor)","(Sin valor)","(Sin valor)","(Sin valor)","(Sin valor)","(Sin valor)","(Sin valor)","(Sin valor)","(Sin valor)","(Sin valor)","(Sin valor)","(Sin valor)","60627274000"
"60627784259","JARAMILLO MORA CONSTRUCTORA  S.A.","Regulado","(Sin valor)","(Sin valor)","Reunión efectiva (Sales MR)","Sebastian Mazorra Gomez","Bia Network","2026-05-25 15:00","2026-05-30 19:00","(Sin valor)","143:50:12","2026-06-03 08:00","(Sin valor)","(Sin valor)","(Sin valor)","(Sin valor)","(Sin valor)","(Sin valor)","(Sin valor)","(Sin valor)","(Sin valor)","(Sin valor)","(Sin valor)","(Sin valor)","60627784259"
"60627894111","Centenario","No regulado","(Sin valor)","(Sin valor)","Reunión agendada (Sales MNR)","María Paula Pico Loaiza","Bia Network","2026-05-25 15:24","(Sin valor)","(Sin valor)","145:33:05","2026-06-02 15:00","(Sin valor)","(Sin valor)","(Sin valor)","(Sin valor)","(Sin valor)","(Sin valor)","(Sin valor)","(Sin valor)","(Sin valor)","(Sin valor)","(Sin valor)","(Sin valor)","60627894111"
"60628058402","Venta D2D - Tienda la deportiva","Regulado","(Sin valor)","(Sin valor)","Reunión agendada (Sales MR)","Hector Steffan Camargo Rua","D2D","2026-05-25 13:49","(Sin valor)","(Sin valor)","147:08:06","(Sin valor)","(Sin valor)","(Sin valor)","(Sin valor)","(Sin valor)","(Sin valor)","(Sin valor)","(Sin valor)","(Sin valor)","(Sin valor)","(Sin valor)","(Sin valor)","(Sin valor)","60628058402"
"60628412768","Venta D2D - Jota E - P","Regulado","(Sin valor)","(Sin valor)","Reunión agendada (Sales MR)","Hector Steffan Camargo Rua","D2D","2026-05-25 14:57","(Sin valor)","(Sin valor)","145:59:29","(Sin valor)","(Sin valor)","(Sin valor)","(Sin valor)","(Sin valor)","(Sin valor)","(Sin valor)","(Sin valor)","(Sin valor)","(Sin valor)","(Sin valor)","(Sin valor)","(Sin valor)","60628412768"
"60629364543","EDAVCHILE","Regulado","Bajo","292128","Reunión agendada (Sales MR)","Andrés Toro García","KAM","2026-05-25 17:29","2026-05-29 09:00","(Sin valor)","143:28:03","(Sin valor)","33594720","7740000","13211567.05312338","5052103.24111438","41334720","18263670.29423776","0","No","381748.23","9","5.35728622","(Sin valor)","60629364543"
"60629730623","AGRÍCOLA FINPAL S.A.S","Regulado","(Sin valor)","31633","Análisis comercial (Sales MR)","Juan Pablo Blanco Lugo","Performance","2026-05-25 17:21","2026-05-28 19:00","(Sin valor)","76:12:38","2026-06-01 19:00","3637795","2784480","1092368.92195882","417721.87575705","6422275","1510090.79771587","0","Sí","31564","6","5.3312865","(Sin valor)","60629730623"
"60629849126","Upselling - LA IMPRENTA EDITORES S.A.S.","Regulado","Bajo","11","Análisis comercial (Sales MR)","Silvia Milena Uribe Gutierrez","Upselling Outbound","2026-05-25 17:06","2026-05-29 17:45","2026-06-30 17:14","143:28:09","(Sin valor)","1265","705000","546184.46097941","208860.93787853","706265","755045.39885793","701238.21365977","Sí","15782","12","1686.00362665","(Sin valor)","60629849126"
"60629989697","AGROBOL S.A.S. BIC","Regulado","Bajo","28551.5","Reunión efectiva (Sales MR)","Andrés Toro García","Bia Network","2026-05-25 17:43","2026-05-28 16:45","(Sin valor)","104:12:20","(Sin valor)","3283365","6290648","16904357.05312338","6464226.13711438","9574013","23368583.19023776","0","Sí","488451.39705","9","5.91074726","(Sin valor)","60629989697"
"60639688354","Venta D2D - Pedro","Regulado","(Sin valor)","(Sin valor)","Reunión efectiva (Sales MR)","Hector Steffan Camargo Rua","D2D","2026-05-26 07:29","2026-05-26 11:00","(Sin valor)","129:27:03","(Sin valor)","(Sin valor)","(Sin valor)","(Sin valor)","(Sin valor)","(Sin valor)","(Sin valor)","(Sin valor)","(Sin valor)","(Sin valor)","(Sin valor)","(Sin valor)","(Sin valor)","60639688354"
"60641521156","Venta D2D - Restaurante el fogón marino","Regulado","(Sin valor)","(Sin valor)","Reunión efectiva (Sales MR)","Hector Steffan Camargo Rua","D2D","2026-05-26 11:15","2026-05-26 11:16","(Sin valor)","125:42:18","(Sin valor)","(Sin valor)","(Sin valor)","(Sin valor)","(Sin valor)","(Sin valor)","(Sin valor)","(Sin valor)","(Sin valor)","(Sin valor)","(Sin valor)","(Sin valor)","(Sin valor)","60641521156"
"60641549712","LAGS LOGISTIK S.A.S.","Regulado","Bajo","1696","Reunión agendada (Sales MR)","Andrés Toro García","KAM","2026-05-26 14:59","2026-05-27 16:45","(Sin valor)","121:57:29","(Sin valor)","195040","1271444","737567.05312338","282045.64111438","1466484","1019612.69423776","0","Sí","21312","15","13.67247287","(Sin valor)","60641549712"
"60642270284","LISA SERVICIOS INTEGRALES SAS","Regulado","(Sin valor)","(Sin valor)","Reunión agendada (Sales MR)","Andrés Toro García","Bia Network","2026-05-26 09:37","2026-05-27 10:03","(Sin valor)","127:20:06","(Sin valor)","(Sin valor)","(Sin valor)","(Sin valor)","(Sin valor)","(Sin valor)","(Sin valor)","(Sin valor)","(Sin valor)","(Sin valor)","(Sin valor)","(Sin valor)","(Sin valor)","60642270284"
"60643847301","Venta D2D - Tienda licores luna mar","Regulado","Alto","(Sin valor)","Documentos para firma (Sales MR)","Hector Steffan Camargo Rua","D2D","2026-05-26 10:13","2026-05-26 10:14","2026-05-27 15:54","119:24:01","(Sin valor)","158010","490000","(Sin valor)","208860.93787853","648010","(Sin valor)","0","Sí","15782","9","7.45745368","(Sin valor)","60643847301"
"60643864408","Venta D2D - La panadería","Regulado","Alto","847.5","Documentos para firma (Sales MR)","Hector Steffan Camargo Rua","D2D","2026-05-26 10:34","2026-05-28 08:00","2026-05-27 11:08","125:37:07","(Sin valor)","97405","390000","546184.46097941","208860.93787853","487405","755045.39885793","5312.54946615","Sí","15782","9","9.09917796","(Sin valor)","60643864408"
"60645817640","Venta D2D - Alcatraz","Regulado","(Sin valor)","(Sin valor)","Reunión agendada (Sales MR)","Hector Steffan Camargo Rua","D2D","2026-05-26 11:48","2026-05-26 11:49","(Sin valor)","125:08:29","(Sin valor)","(Sin valor)","(Sin valor)","(Sin valor)","(Sin valor)","(Sin valor)","(Sin valor)","(Sin valor)","(Sin valor)","(Sin valor)","(Sin valor)","(Sin valor)","(Sin valor)","60645817640"
"60646077336","CARTONLAB SAS (clon)","Regulado","Alto","3526","Análisis comercial (Sales MR)","Silvia Milena Uribe Gutierrez","Performance","2026-05-26 10:17","2026-05-29 19:00","2026-06-30 12:18","52:39:16","2026-06-03 19:00","405490","705000","546184.46097941","208860.93787853","1110490","755045.39885793","0","Sí","15782","9","8.27019689","(Sin valor)","60646077336"
"60646621813","RH S.A.S. ESP","No regulado","(Sin valor)","(Sin valor)","Reunión agendada (Sales MNR)","María Paula Pico Loaiza","Bia Network","2026-05-26 11:44","(Sin valor)","(Sin valor)","125:12:41","(Sin valor)","(Sin valor)","(Sin valor)","(Sin valor)","(Sin valor)","(Sin valor)","(Sin valor)","(Sin valor)","(Sin valor)","(Sin valor)","(Sin valor)","(Sin valor)","(Sin valor)","60646621813"
"60650959485","CIDMA CONSTRUCCIONES SAS","Regulado","(Sin valor)","12039.5","Reunión efectiva (Sales MR)","Alejandro Sánchez Jiménez","Performance","2026-05-26 15:44","2026-05-29 09:00","2026-06-30 16:40","54:10:50","(Sin valor)","1384485","1410000","1092368.92195882","417721.87575705","2794485","1510090.79771587","178383.92839507","No","31564","9","9.38908888","(Sin valor)","60650959485"
"60651369747","GUSTAVO ADOLFO OSORIO BOTERO","Regulado","(Sin valor)","15510","Reunión efectiva (Sales MR)","Silvia Milena Uribe Gutierrez","Performance","2026-05-26 17:48","2026-05-28 16:45","2026-06-30 09:38","102:08:47","2026-06-04 17:45","1783650","6935000","1151081.05312338","440173.39471438","8718650","1591254.44783776","1630881.2602746","Sí","33260.48703","12","14.76117574","(Sin valor)","60651369747"
"60651688567","Venta D2D - Ana Alvarez","Regulado","Alto","1999.5","Análisis comercial (Sales MR)","Hector Steffan Camargo Rua","D2D","2026-05-26 19:31","2026-05-29 08:00","2026-05-29 16:07","102:57:11","(Sin valor)","229885","390000","546184.46097941","208860.93787853","619885","755045.39885793","0","Sí","15782","9","4.91994018","(Sin valor)","60651688567"
"60667504266","ISIMO","Regulado","(Sin valor)","450102","Reunión agendada (Sales MR)","Sebastian Mazorra Gomez","Comunidades energéticas","2026-05-27 09:33","2026-05-27 16:55","(Sin valor)","103:24:14","2026-06-03 18:00","51760465","74214538","114211489.36667243","43674473.53381556","125975003","157885962.90048796","0","Sí","3300140.98525","18","4.42687294","(Sin valor)","60667504266"
"60668188834","ETIB SAS","No regulado","Bajo","295000","Reunión agendada (Sales MNR)","Simón Hernández Medina","Partnerships","2026-05-27 10:09","(Sin valor)","2026-07-31 11:47","102:48:05","(Sin valor)","17700000","7740000","13211567.05312338","5052103.24111438","25440000","18263670.29423776","0","No","381748.23","15","4.58449744","(Sin valor)","60668188834"
"60670224935","CENTRO COMERCIAL SAN FERNANDO (clon) - pruebas Leonardo","Regulado","(Sin valor)","61380","Reunión agendada (Sales MR)","Leonardo Velasquez","Comunidades energéticas","2026-05-27 09:36","(Sin valor)","(Sin valor)","102:44:07","(Sin valor)","(Sin valor)","(Sin valor)","0","(Sin valor)","(Sin valor)","(Sin valor)","(Sin valor)","(Sin valor)","(Sin valor)","(Sin valor)","(Sin valor)","(Sin valor)","60670224935"
"60670363004","INDUSTRIAS SUELER SOCIEDAD POR ACCIONES SIMPLIFICADA","Regulado","(Sin valor)","57000","Reunión efectiva (Sales MR)","Juan Pablo Blanco Lugo","Bia Network","2026-05-27 12:26","2026-05-29 14:00","(Sin valor)","98:45:07","(Sin valor)","6555000","7740000","(Sin valor)","4556512.84111438","14295000","(Sin valor)","0","Sí","344300.31","9","6.58556149","(Sin valor)","60670363004"
"60670405049","GMOVIL S A S","No regulado","Bajo","(Sin valor)","Análisis comercial (Sales MNR)","Alexandra Murillo Fagua","Partnerships","2026-05-27 12:11","2026-05-27 12:18","(Sin valor)","100:39:16","2026-06-03 18:00","(Sin valor)","(Sin valor)","(Sin valor)","(Sin valor)","(Sin valor)","(Sin valor)","(Sin valor)","No","(Sin valor)","(Sin valor)","(Sin valor)","(Sin valor)","60670405049"
"60672394677","EMPRESA DE COSMÉTICOS Y SERVICIOS S.A.","Regulado","Bajo","41780","Reunión agendada (Sales MR)","Andrés Toro García","Bia Network","2026-05-27 15:16","2026-05-28 08:14","(Sin valor)","97:41:11","(Sin valor)","4804700","7867968","12461751.51410278","4765373.77899291","12672668","17227125.29309569","0","Sí","360082.31","9","8.30144144","(Sin valor)","60672394677"
"60672502873","Venta D2D - Empanadas únicas","Regulado","(Sin valor)","(Sin valor)","Reunión agendada (Sales MR)","Hector Steffan Camargo Rua","D2D","2026-05-27 14:27","(Sin valor)","(Sin valor)","98:30:22","(Sin valor)","(Sin valor)","(Sin valor)","(Sin valor)","(Sin valor)","(Sin valor)","(Sin valor)","(Sin valor)","(Sin valor)","(Sin valor)","(Sin valor)","(Sin valor)","(Sin valor)","60672502873"
"60673616421","END GAME INTERACTIVE COLOMBIA SOCIEDAD POR ACCIONES SIMPLIFICADA","Regulado","Bajo","2290","Reunión agendada (Sales MR)","Andrés Toro García","Bia Network","2026-05-27 16:15","2026-05-29 14:00","(Sin valor)","96:42:07","(Sin valor)","263350","9546076","2302162.10624676","880346.78942876","9809426","3182508.89567551","9027224.69783456","Sí","66520.97406","9","112.86715294","(Sin valor)","60673616421"
"60674399373","Torre empresarial Terpel BUENAVISTA","Regulado","(Sin valor)","(Sin valor)","Reunión efectiva (Sales MR)","Alexandra Murillo Fagua","KAM","2026-05-27 15:36","(Sin valor)","(Sin valor)","97:19:23","2026-06-04 18:00","(Sin valor)","(Sin valor)","(Sin valor)","(Sin valor)","(Sin valor)","(Sin valor)","(Sin valor)","No","(Sin valor)","(Sin valor)","(Sin valor)","(Sin valor)","60674399373"
"60688541609","DULCE AVELLANA S.A.S.","Regulado","(Sin valor)","5391","Análisis comercial (Sales MR)","Daniela Dueñas Camacho","Performance","2026-05-28 08:43","2026-05-29 10:02","2026-06-29 08:30","54:51:58","2026-06-02 17:00","619965","1456619","546184.46097941","208860.93787853","2076584","755045.39885793","303791.30270185","Sí","15782","9","10.54226816","(Sin valor)","60688541609"
"60691172698","PEGAMASTER S.A.S. ","No regulado","(Sin valor)","(Sin valor)","Reunión agendada (Sales MR)","Maria Fernanda Díaz Alvarez","Awareness","2026-05-28 09:28","(Sin valor)","(Sin valor)","79:29:11","(Sin valor)","(Sin valor)","(Sin valor)","(Sin valor)","(Sin valor)","(Sin valor)","(Sin valor)","(Sin valor)","(Sin valor)","(Sin valor)","(Sin valor)","(Sin valor)","(Sin valor)","60691172698"
"60691256213","GRUPO AVAL ACCIONES Y VALORES S A","Regulado","(Sin valor)","(Sin valor)","Reunión agendada (Sales MR)","Daniela Dueñas Camacho","IA","2026-05-28 10:58","(Sin valor)","(Sin valor)","77:59:20","(Sin valor)","(Sin valor)","(Sin valor)","(Sin valor)","(Sin valor)","(Sin valor)","(Sin valor)","(Sin valor)","(Sin valor)","(Sin valor)","(Sin valor)","(Sin valor)","(Sin valor)","60691256213"
"60691747344","Venta D2D - El Palacio de las carnes","Regulado","(Sin valor)","(Sin valor)","Reunión efectiva (Sales MR)","Hector Steffan Camargo Rua","D2D","2026-05-28 11:46","2026-05-28 11:46","(Sin valor)","77:10:55","(Sin valor)","(Sin valor)","(Sin valor)","(Sin valor)","(Sin valor)","(Sin valor)","(Sin valor)","(Sin valor)","(Sin valor)","(Sin valor)","(Sin valor)","(Sin valor)","(Sin valor)","60691747344"
"60691945641","DISTRIBOLIVAR J.R  LTDA","Regulado","Bajo","29250","Reunión efectiva (Sales MR)","Andrés Toro García","Awareness","2026-05-28 12:12","2026-05-29 19:00","(Sin valor)","49:01:59","2026-06-02 19:00","3363750","1271444","1151081.05312338","440173.39471438","4635194","1591254.44783776","0","Sí","33260.48703","9","3.5858851","(Sin valor)","60691945641"
"60693160068","Venta D2D - Veterinaria miau miau","Regulado","(Sin valor)","(Sin valor)","Reunión agendada (Sales MR)","Hector Steffan Camargo Rua","D2D","2026-05-28 12:32","(Sin valor)","(Sin valor)","76:24:28","(Sin valor)","(Sin valor)","(Sin valor)","(Sin valor)","(Sin valor)","(Sin valor)","(Sin valor)","(Sin valor)","(Sin valor)","(Sin valor)","(Sin valor)","(Sin valor)","(Sin valor)","60693160068"
"60710523398","COMERCIALIZADORA DE CONFECCIONES S.A.S","Regulado","Medio","45064.5","Reunión agendada (Sales MR)","Silvia Milena Uribe Gutierrez","Bia Network","2026-05-29 08:47","2026-05-29 15:20","2026-06-30 11:16","56:09:25","2026-06-01 14:00","5182360","3814332","3453243.15937013","1320520.18414314","8996692","4773763.34351327","0","No","99781.46109","9","6.91469276","(Sin valor)","60710523398"
"60710704297","V3 COFFEE ROASTERS S.A.S.","Regulado","(Sin valor)","(Sin valor)","Reunión agendada (Sales MR)","Juan Pablo Blanco Lugo","Bia Network","2026-05-29 08:57","(Sin valor)","(Sin valor)","56:00:16","2026-06-01 14:00","(Sin valor)","(Sin valor)","(Sin valor)","(Sin valor)","(Sin valor)","(Sin valor)","(Sin valor)","(Sin valor)","(Sin valor)","(Sin valor)","(Sin valor)","(Sin valor)","60710704297"
"60710923530","AYCO LTDA.","Regulado","(Sin valor)","36547.5","Reunión agendada (Sales MR)","Daniela Dueñas Camacho","Bia Network","2026-05-29 09:21","2026-05-29 19:00","(Sin valor)","55:35:34","2026-06-01 17:00","4202905","5975135","11915567.05312338","4556512.84111438","10178040","16472079.89423776","0","Sí","344300.31","9","4.94382853","(Sin valor)","60710923530"
"60711119893","Venta D2D - Syfrina","Regulado","(Sin valor)","(Sin valor)","Reunión agendada (Sales MR)","Hector Steffan Camargo Rua","D2D","2026-05-29 08:50","2026-03-13 11:15","(Sin valor)","56:07:11","2026-06-02 08:00","(Sin valor)","(Sin valor)","(Sin valor)","(Sin valor)","(Sin valor)","(Sin valor)","(Sin valor)","(Sin valor)","(Sin valor)","(Sin valor)","(Sin valor)","(Sin valor)","60711119893"
"60711242619","FRIGOTAURUS SAS","Regulado","Won","12735","Documentos para firma (Sales MR)","Sebastian Mazorra Gomez","Bia Network","2026-05-29 09:03","2026-05-29 17:34","2026-05-31 17:05","06:12:41","2026-06-03 15:00","1464525","867840","546184.46097941","208860.93787853","2332365","755045.39885793","180706.33000159","No","15782","6","6.37301285","(Sin valor)","60711242619"
"60713143576","COLOMBIANA DE COMERCIO S.A. MNR","No regulado","(Sin valor)","138000","Reunión agendada (Sales MNR)","Daniela Dueñas Camacho","ABM","2026-05-29 12:01","(Sin valor)","(Sin valor)","52:56:03","(Sin valor)","8280000","10285350","33808714.10624675","12928452.27422876","18565350","46737166.38047551","12051766.38047552","No","976902.7941","9","11.03688957","(Sin valor)","60713143576"
"60714094170","CAMPANARIO CENTRO COMERCIAL","No regulado","(Sin valor)","(Sin valor)","Reunión agendada (Sales MNR)","Simón Hernández Medina","Comunidades energéticas","2026-05-29 12:11","(Sin valor)","(Sin valor)","52:45:37","2026-06-02 08:00","(Sin valor)","(Sin valor)","(Sin valor)","(Sin valor)","(Sin valor)","(Sin valor)","(Sin valor)","(Sin valor)","(Sin valor)","(Sin valor)","(Sin valor)","(Sin valor)","60714094170"
"60716063267","PABLO JOSE MORALES IBARRA","Regulado","Bajo","1658","Reunión agendada (Sales MR)","Andrés Toro García","KAM","2026-05-29 16:34","(Sin valor)","(Sin valor)","48:22:28","(Sin valor)","190670","1119537","546184.46097941","208860.93787853","1310207","755045.39885793","0","Sí","15782","18","17.88173745","(Sin valor)","60716063267"
"60716846882","SANDIEGO HOTELES S.A.S","Regulado","(Sin valor)","(Sin valor)","Reunión agendada (Sales MR)","Andrés Toro García","Performance","2026-05-29 16:10","(Sin valor)","(Sin valor)","48:46:44","(Sin valor)","(Sin valor)","(Sin valor)","(Sin valor)","(Sin valor)","(Sin valor)","(Sin valor)","(Sin valor)","(Sin valor)","(Sin valor)","(Sin valor)","(Sin valor)","(Sin valor)","60716846882"
